omny.fm へのリンク,日付,タイトル,コメント,MC,出演者1,出演者2,出演者3,音源編集,備考・メモ・作業された方のお名前(ハンドルネーム可)
https://omny.fm/shows/asahi/sdgs-11-1-0,"Sun, 24 Oct 2021 19:00:00 +0000",SDGsのこと、シンプルに話そう　11月1日スタート #0,,"神田大介,音声ディレクター,コンテンツ編成本部",,,,,ネジート
https://omny.fm/shows/asahi/sdgs-1,"Sun, 31 Oct 2021 19:00:00 +0000",SDGsって、きれいごと？　ハフポスト前編集長の竹下隆一郎さんと話した（前編） #1,,"神田大介,音声ディレクター,コンテンツ編成本部","竹下隆一郎,PIVOT執行役員,ハフィントンポスト日本版前編集長",,,,ネジート
https://omny.fm/shows/asahi/sdgs-2,"Mon, 01 Nov 2021 19:00:00 +0000",SDGs、大企業がいいように使ってない？　竹下隆一郎さんと話した（中編） #2,,"神田大介,音声ディレクター,コンテンツ編成本部","竹下隆一郎,PIVOT執行役員,ハフィントンポスト日本版前編集長",,,,ネジート
https://omny.fm/shows/asahi/sdgs-3,"Tue, 02 Nov 2021 19:00:00 +0000",SDGsとは、矛盾を受け入れることかも　竹下隆一郎さんと話した（後編） #3,,"神田大介,音声ディレクター,コンテンツ編成本部","竹下隆一郎,PIVOT執行役員,ハフィントンポスト日本版前編集長",,,,ネジート
https://omny.fm/shows/asahi/lgbt-4,"Wed, 03 Nov 2021 19:00:00 +0000",（再）スポーツとLGBT①　トランスジェンダー女性、五輪に初出場 #4,,"神田大介,音声ディレクター,コンテンツ編成本部","忠鉢信一,東京スポーツ部",,,,ネジート
https://omny.fm/shows/asahi/lgbt-5,"Thu, 04 Nov 2021 19:00:00 +0000",（再）スポーツとLGBT②　人に言えない「自分」は、誰にでもある #5,,"神田大介,音声ディレクター,コンテンツ編成本部","忠鉢信一,東京スポーツ部",,,,ネジート
https://omny.fm/shows/asahi/sdgs-6,"Sun, 07 Nov 2021 19:00:00 +0000",不格好な野菜も、原爆も　SDGsを「活用」したいという話① #6,,"神田大介,音声ディレクター,コンテンツ編成本部","藤田淳,マーケティング戦略本部,ブランドデザインチーム",,,,ネジート
https://omny.fm/shows/asahi/sdgs-7,"Mon, 08 Nov 2021 19:00:00 +0000",じつは既に、やってるのかも　SDGsを「活用」したいという話② #7,,"神田大介,音声ディレクター,コンテンツ編成本部","藤田淳,マーケティング戦略本部,ブランドデザインチーム",,,,ネジート
https://omny.fm/shows/asahi/4-1-3,"Tue, 09 Nov 2021 19:00:00 +0000",（再）アカデミー賞、なぜマイノリティー枠？　単なる「ポリコレ」ではなかった #8,,"神田大介,音声ディレクター,コンテンツ編成本部","藤えりか,東京経済部",,,,ネジート
https://omny.fm/shows/asahi/9-8,"Wed, 10 Nov 2021 19:00:00 +0000",（再）「ブラックパンサー」成功の影響　私たちも無関係ではなかった #9,,"神田大介,音声ディレクター,コンテンツ編成本部","藤えりか,東京経済部",,,,ネジート
https://omny.fm/shows/asahi/10-4,"Thu, 11 Nov 2021 19:00:00 +0000",（再）「野球少女」から見えた分断　兵役は男性差別なのか #10,,"神田大介,音声ディレクター,コンテンツ編成本部","藤えりか,東京経済部",,,,ネジート
https://omny.fm/shows/asahi/11,"Sun, 14 Nov 2021 19:00:00 +0000",（再）こんな夜更けにパクチーかよ　手渡された約束の花束 #11,,"神田大介,音声ディレクター,コンテンツ編成本部","佐藤陽,文化くらし報道部",,,,ネジート
https://omny.fm/shows/asahi/god-bless-you-12,"Mon, 15 Nov 2021 19:00:00 +0000",（再）笑顔咲いた God bless you　人生の最期は歌とともに #12,,"神田大介,音声ディレクター,コンテンツ編成本部","佐藤陽,文化くらし報道部",,,,ネジート
https://omny.fm/shows/asahi/13-2,"Tue, 16 Nov 2021 19:00:00 +0000",（再）医師は「大丈夫」でも「持たない！」　おばぁたちは見抜いた #13,,"神田大介,音声ディレクター,コンテンツ編成本部","佐藤陽,文化くらし報道部",,,,ネジート
https://omny.fm/shows/asahi/14-3,"Wed, 17 Nov 2021 19:00:00 +0000",（再）口から食べたい、旅立ちの日まで　ケーキも酒も味わえる #14,,"神田大介,音声ディレクター,コンテンツ編成本部","佐藤陽,文化くらし報道部",,,,ネジート
https://omny.fm/shows/asahi/15-2,"Thu, 18 Nov 2021 19:00:00 +0000",（再）ひとの最期を予知できる犬　ペットに看取られる幸せ #15,,"神田大介,音声ディレクター,コンテンツ編成本部","佐藤陽,文化くらし報道部",,,,ネジート
https://omny.fm/shows/asahi/16-5,"Sun, 21 Nov 2021 19:00:00 +0000",ごみだらけの海、私とつながっていた　瀬戸内海で漁船に同乗 #16,,"神田大介,音声ディレクター,コンテンツ編成本部","寺島笑花,山口総局",,,,ネジート
https://omny.fm/shows/asahi/443-501,"Mon, 22 Nov 2021 19:00:00 +0000",捨てないで！そのリーバイス501　町工場が挑んだ大量生産・廃棄の壁 #17,,"神田大介,音声ディレクター,コンテンツ編成本部","土居新平,東京経済部",,,,ネジート
https://omny.fm/shows/asahi/18-2,"Tue, 23 Nov 2021 19:00:00 +0000",（再）動物園で生まれ、でも私たちの食卓へ？　「余剰動物」たちの悲劇 #18,,"神田大介,音声ディレクター,コンテンツ編成本部","太田匡彦,文化くらし報道部,特別報道部",,,,ネジート
https://omny.fm/shows/asahi/19-1,"Wed, 24 Nov 2021 19:00:00 +0000",（再）動物園はノアの箱舟か　選別される命、人間のエゴ #19,,"神田大介,音声ディレクター,コンテンツ編成本部","太田匡彦,文化くらし報道部,特別報道部",,,,ネジート
https://omny.fm/shows/asahi/20-2,"Thu, 25 Nov 2021 19:00:00 +0000",（再）そのペット、本当に飼える？　コロナでバブル、あおるメディア #20,,"神田大介,音声ディレクター,コンテンツ編成本部","太田匡彦,文化くらし報道部,特別報道部",,,,ネジート
https://omny.fm/shows/asahi/21-3,"Sun, 28 Nov 2021 19:00:00 +0000",ベーシックインカム、オランダの社会実験　自由より大事なものとは #21,,"神田大介,音声ディレクター,コンテンツ編成本部","藤えりか,東京経済部",,,,ネジート
https://omny.fm/shows/asahi/22-1,"Mon, 29 Nov 2021 19:00:00 +0000",同性婚、「日本」が壁になっている　台湾で見たジェンダーのいま #22,,"神田大介,音声ディレクター,コンテンツ編成本部","石田耕一郎,台北支局長",,,,ネジート
https://omny.fm/shows/asahi/ai-23,"Tue, 30 Nov 2021 19:00:00 +0000",（再）そういえば、昔は男声だったのに　AIはなぜ女性化した #23,,"神田大介,音声ディレクター,コンテンツ編成本部","栗林史子,東京経済部",,,,ネジート
https://omny.fm/shows/asahi/24,"Wed, 01 Dec 2021 19:00:00 +0000",（再）シングルマザーと永田町　思想も忖度も越えた「共感力」 #24,,"神田大介,音声ディレクター,コンテンツ編成本部","秋山訓子,編集委員",,,,ネジート
https://omny.fm/shows/asahi/25,"Thu, 02 Dec 2021 19:00:00 +0000",（再）ギグワーカーは本当に自由？　新しい働き方が抱える古い問題 #25,,"神田大介,音声ディレクター,コンテンツ編成本部","藤えりか,東京経済部",,,,ネジート
https://omny.fm/shows/asahi/1-26,"Sun, 05 Dec 2021 19:00:00 +0000",（再）その弁当もネット通販も　他人事ではないベトナム人の「地獄」 #26,,"神田大介,音声ディレクター,コンテンツ編成本部","平山亜理,東京社会部,甲府総局",,,,ネジート
https://omny.fm/shows/asahi/27,"Mon, 06 Dec 2021 19:00:00 +0000",（再）命を絶ったベトナム人留学生　何が彼を追い詰めたのか #27,,"神田大介,音声ディレクター,コンテンツ編成本部","平山亜理,東京社会部,甲府総局",,,,ネジート
https://omny.fm/shows/asahi/28,"Tue, 07 Dec 2021 19:00:00 +0000",（再）「食い物」にされる実習生　ベトナム人犯罪の裏側を辿る #28,,"神田大介,音声ディレクター,コンテンツ編成本部","平山亜理,東京社会部,甲府総局",,,,ネジート
https://omny.fm/shows/asahi/29,"Wed, 08 Dec 2021 19:00:00 +0000",（再）オリンピック絡みでも…　日本でベトナム人が搾取されるシステム #29,,"神田大介,音声ディレクター,コンテンツ編成本部","平山亜理,東京社会部,甲府総局",,,,ネジート
https://omny.fm/shows/asahi/1-30,"Thu, 09 Dec 2021 19:00:00 +0000",（再）恋愛禁止、妊娠は中絶　追い詰められるベトナム人女性 #30,,"神田大介,音声ディレクター,コンテンツ編成本部","平山亜理,東京社会部,甲府総局",,,,ネジート
https://omny.fm/shows/asahi/31-1,"Sun, 12 Dec 2021 19:00:00 +0000",「女言葉」というステレオタイプ　言葉の性差は、変わりゆく #31,,真田嶺,"田中聡子,オピニオン編集部","藤えりか,東京経済部",,,ネジート
https://omny.fm/shows/asahi/sdgs-3-32,"Mon, 13 Dec 2021 19:00:00 +0000",SDGsは、「べからず集」じゃない　3人でシンプルに話してみた #32,,"神田大介,音声ディレクター,コンテンツ編成本部","伊藤大地,朝日新聞デジタル編集長","奥山晶二郎,withnews編集長",,,ネジート
https://omny.fm/shows/asahi/33-3,"Tue, 14 Dec 2021 19:00:00 +0000",（再）監督は女性、しかも日系人　ハリウッドでいま起きている変化 #33,,"神田大介,音声ディレクター,コンテンツ編成本部","藤えりか,東京経済部",,,,ネジート
https://omny.fm/shows/asahi/9a0ba98e-159c-40b0-84fa-adf700711d01,"Wed, 15 Dec 2021 19:00:00 +0000",（再）「森発言」に潜むムラ論理　オールド・ボーイズ・ネットワーク #34,,"神田大介,音声ディレクター,コンテンツ編成本部","秋山訓子,編集委員",,,,ネジート
https://omny.fm/shows/asahi/35-3,"Thu, 16 Dec 2021 19:00:00 +0000",（再）政治とセクハラ、本質はパワハラ　「票ハラ」そして飲み会はしご #35,,"神田大介,音声ディレクター,コンテンツ編成本部","秋山訓子,編集委員",,,,ネジート
https://omny.fm/shows/asahi/36,"Sun, 19 Dec 2021 19:00:00 +0000",老化にはあらがえる、小太りが「長生き」のナゾ　世界的権威に聞く① #36,,"岸上渉,大阪本社コンテンツ編成本部","今井真一郎,米ワシントン大","瀬川茂子,科学医療部",,,ネジート
https://omny.fm/shows/asahi/37,"Mon, 20 Dec 2021 19:00:00 +0000",老化を抑える生活習慣　ディナーは「物乞いのように」　世界的権威に聞く② #37,,"岸上渉,大阪本社コンテンツ編成本部","今井真一郎,米ワシントン大","瀬川茂子,科学医療部",,,ネジート
https://omny.fm/shows/asahi/38,"Tue, 21 Dec 2021 19:00:00 +0000",（再）中絶は、本当に罪なのか　アルゼンチンを変えた女性たち #38,,"神田大介,音声ディレクター,コンテンツ編成本部","岡田玄,サンパウロ支局",,,,ネジート
https://omny.fm/shows/asahi/100m-39,"Wed, 22 Dec 2021 19:00:00 +0000",（再）彼女は忘れられた　ボルト、ルイスより早かった100m連覇 #39,,"神田大介,音声ディレクター,コンテンツ編成本部","遠田寛生,ヨーロッパ総局",,,,ネジート
https://omny.fm/shows/asahi/40,"Thu, 23 Dec 2021 19:00:00 +0000",（再）優等生ぶるわけじゃない　黒人女性への差別、いま考える理由 #40,,"神田大介,音声ディレクター,コンテンツ編成本部","遠田寛生,ヨーロッパ総局",,,,ネジート
https://omny.fm/shows/asahi/41,"Sun, 26 Dec 2021 19:00:00 +0000",（再）除草ならヤギさんにおまかせ　三重でレンタル、注文殺到 #41,,"神田大介,音声ディレクター,コンテンツ編成本部","吉住琢二,名張支局",,,,ネジート
https://omny.fm/shows/asahi/42-1,"Mon, 03 Jan 2022 19:00:00 +0000",（再）父親のモヤモヤ　育児や家事の分担、仕事とのバランスどうする？ ＃42,,"神田大介,音声ディレクター,コンテンツ編成本部","高橋健次郎,文化くらし報道部,デジタル機動報道部","河原夏季,withnews編集部,デジタル機動報道部",,,ネジート
https://omny.fm/shows/asahi/57e1e4d1-00b8-41db-884b-adfe0051ef13,"Tue, 04 Jan 2022 19:00:00 +0000",（再）「パパ友」どうしてできにくい？　モヤモヤ、もっと話そうよ #43,,"神田大介,音声ディレクター,コンテンツ編成本部","高橋健次郎,文化くらし報道部,デジタル機動報道部","河原夏季,withnews編集部,デジタル機動報道部",,,ネジート
https://omny.fm/shows/asahi/44-1,"Wed, 05 Jan 2022 19:00:00 +0000",（再）謝罪求める上司、妻の「大丈夫」待つ夫　男性育休の現実 #44,,"神田大介,音声ディレクター,コンテンツ編成本部","高橋健次郎,文化くらし報道部,デジタル機動報道部","丹治翔,withnews副編集長",,,ネジート
https://omny.fm/shows/asahi/45-1,"Thu, 06 Jan 2022 19:00:00 +0000",（再）転勤ってほんとに必要？　専門家「いらないでしょ」 #45,,"神田大介,音声ディレクター,コンテンツ編成本部","高橋健次郎,文化くらし報道部,デジタル機動報道部","丹治翔,withnews副編集長",,,ネジート
https://omny.fm/shows/asahi/46-2,"Sun, 09 Jan 2022 19:00:00 +0000",（再）「花柄！」「いやストライプ」　夫婦はなぜ衝突してしまうの？ #46,,"神田大介,音声ディレクター,コンテンツ編成本部","高橋健次郎,文化くらし報道部,デジタル機動報道部","河原夏季,withnews編集部,デジタル機動報道部",,,ネジート
https://omny.fm/shows/asahi/241,"Mon, 10 Jan 2022 19:00:00 +0000",水産異変①　鮭が捕れない　東北で増える南の魚 #47,,"神田大介,音声ディレクター,コンテンツ編成本部","東野真和,編集委員,釜石支局長",,,,ネジート
https://omny.fm/shows/asahi/241-1,"Tue, 11 Jan 2022 19:00:00 +0000","水産異変②　忍び寄る""魚が消える日""　食卓を支えてきた漁村のいま #48",,"神田大介,音声ディレクター,コンテンツ編成本部","東野真和,編集委員,釜石支局長",,,,ネジート
https://omny.fm/shows/asahi/241-2,"Wed, 12 Jan 2022 19:00:00 +0000",水産異変③　秋田県民が愛すハタハタ、大衆魚とはもう言えない？ #49,,"神田大介,音声ディレクター,コンテンツ編成本部","東野真和,編集委員,釜石支局長",,,,ネジート
https://omny.fm/shows/asahi/50-3,"Thu, 13 Jan 2022 19:00:00 +0000",障害者の「理想」は、私にもプラスかも　テレワークが変えた働き方 #50,,大野由衣,"高橋諒子,東京経済部",,,,tommy
https://omny.fm/shows/asahi/260-1,"Sun, 16 Jan 2022 19:00:00 +0000",ヴィーガン生活チャレンジ　インドカレーもピザまでも食べられた（前編） #51,,"神田大介,音声ディレクター,コンテンツ編成本部","目黒隆行,GLOBE編集部",,,,ネジート
https://omny.fm/shows/asahi/260-2,"Mon, 17 Jan 2022 19:00:00 +0000",外食に困り、表示を見落とし…ヴィーガン生活で気づいた多様性（後編） #52,,"神田大介,音声ディレクター,コンテンツ編成本部","目黒隆行,GLOBE編集部",,,,ネジート
https://omny.fm/shows/asahi/258,"Tue, 18 Jan 2022 19:00:00 +0000",男性の育休、長く取れば質もあがる？　アンケートで見えた根深い課題 #53,,神田大介,"高橋健次郎,デジタル機動報道部",,,,tommy
https://omny.fm/shows/asahi/49,"Wed, 19 Jan 2022 19:00:00 +0000",「プラゴミは、お宝だ」　東南アジアで広がるトレンド #49,,"神田大介,音声ディレクター,コンテンツ編成本部","宋光祐,ハノイ支局長",,,,ネジート
https://omny.fm/shows/asahi/50-2,"Thu, 20 Jan 2022 19:00:00 +0000",ベトナムの観光地に立つ、物売りの少女たち　貧困がジェンダーを直撃する #50,,"神田大介,音声ディレクター,コンテンツ編成本部","宋光祐,ハノイ支局長",,,,ネジート
https://omny.fm/shows/asahi/259,"Sun, 23 Jan 2022 19:00:00 +0000",引退競走馬が馬肉に  「使い捨て」おかしい、元騎手始めた養老牧場 #56,,"神田大介,音声ディレクター,コンテンツ編成本部","友永翔大,新潟総局",,,,ネジート
https://omny.fm/shows/asahi/51-1,"Mon, 24 Jan 2022 19:00:00 +0000",誰にでも優しい温泉街へ　バリアフリーへ歩み出した伊香保温泉  #57,,"神田大介,音声ディレクター,コンテンツ編成本部","前田基行,前橋総局",,,,ネジート
https://omny.fm/shows/asahi/sdgs-58,"Tue, 25 Jan 2022 19:00:00 +0000",フェーズ変わるSDGs　国連広報センター所長・根本かおるさんに聞いた #58,,"神田大介,音声ディレクター,コンテンツ編成本部","根本かおる,国連広報センター所長","鵜飼誠,イベント戦略事務局次長",,,ネジート
https://omny.fm/shows/asahi/264-ai,"Wed, 26 Jan 2022 19:00:00 +0000",津軽弁をAIで翻訳　円滑なコミュニケーションに向けた挑戦 #59,,"神田大介,音声ディレクター,コンテンツ編成本部","林義則,科学医療部",,,,ネジート
https://omny.fm/shows/asahi/52-3,"Thu, 27 Jan 2022 19:00:00 +0000",（再）鶏肉を「つくる」時代がやってきた　リアクターで細胞を培養 #60,,"神田大介,音声ディレクター,コンテンツ編成本部","西村宏治,シンガポール支局長",,,,ネジート
https://omny.fm/shows/asahi/61,"Sun, 30 Jan 2022 19:00:00 +0000",（再）「このままだと、研究者としては死ぬ…」　リケジョがなくなる日 #61,,"神田大介,音声ディレクター,コンテンツ編成本部","藤波優,科学医療部",,,,ネジート
https://omny.fm/shows/asahi/62-1,"Mon, 31 Jan 2022 19:00:00 +0000",（再）研究職を離れても幸せは手に入る　でも、なぜ選べないの #62,,"神田大介,音声ディレクター,コンテンツ編成本部","藤波優,科学医療部",,,,ネジート
https://omny.fm/shows/asahi/63-1,"Tue, 01 Feb 2022 19:00:00 +0000",（再）仕事に時間を割けない、それがガラスの天井　リケジョを阻む構造 #63,,"神田大介,音声ディレクター,コンテンツ編成本部","杉浦奈実,科学医療部",,,,ネジート
https://omny.fm/shows/asahi/64-1,"Wed, 02 Feb 2022 19:00:00 +0000",（再）マタハラ教授「子どもで言い訳？」　上司に夫、人生のガチャもうやめたい #64,,"神田大介,音声ディレクター,コンテンツ編成本部","小川詩織,科学医療部",,,,ネジート
https://omny.fm/shows/asahi/65,"Thu, 03 Feb 2022 19:00:00 +0000",（再）夏季オリンピック、極寒の町が名乗り　ビーチバレーは雪の上？ #65,,"神田大介,音声ディレクター,コンテンツ編成本部","遠田寛生,ヨーロッパ総局",,,,ネジート
https://omny.fm/shows/asahi/66-1,"Sun, 06 Feb 2022 19:00:00 +0000",名前を変える「地獄」グチったら、仲間がどんどん集まった　選択的夫婦別姓とは（前編） #66,,水野梓,"井田奈穂,選択的夫婦別姓・全国陳情アクション事務局",,,,ネジート
https://omny.fm/shows/asahi/67-2,"Mon, 07 Feb 2022 19:00:00 +0000",「子がかわいそう」「戸籍制度を変えるの？」　その疑問に答えます　選択的夫婦別姓とは（後編） #67,,水野梓,"井田奈穂,選択的夫婦別姓・全国陳情アクション事務局",,,,ネジート
https://omny.fm/shows/asahi/64-2,"Tue, 08 Feb 2022 19:00:00 +0000",（再）動物園・シンジケート・当局・政治家…　動物密売、広がる闇のネットワーク #68,,"神田大介,音声ディレクター,コンテンツ編成本部","乗京真知,アジア総局",,,,ネジート
https://omny.fm/shows/asahi/69-1,"Wed, 09 Feb 2022 19:00:00 +0000",（再）そのペット、どこから？　あなたは犯罪の片棒を担がされているかも #69,,"神田大介,音声ディレクター,コンテンツ編成本部","乗京真知,アジア総局",,,,ネジート
https://omny.fm/shows/asahi/70-4,"Sun, 13 Feb 2022 19:00:00 +0000",ブランドの価値ってどこにある？　まとうのは、ものづくりにかける精神　モードの世界（前編） #70,,"神田大介,音声ディレクター,コンテンツ編成本部","後藤洋平,編集委員","安田桂子,コンテンツ編成本部",,,ネジート
https://omny.fm/shows/asahi/71-1,"Mon, 14 Feb 2022 19:00:00 +0000",流行がないのが、はやりの時代　消費者に求められる覚悟とは　モードの世界（後編） #71,,"神田大介,音声ディレクター,コンテンツ編成本部","後藤洋平,編集委員","安田桂子,コンテンツ編成本部",,,ネジート
https://omny.fm/shows/asahi/5-76,"Tue, 15 Feb 2022 19:00:00 +0000",前例なき男性記者の育休5カ月　妻や職場にもたらした「勇気の伝染」 #72,,"神田大介,音声ディレクター,コンテンツ編成本部","高橋健次郎,デジタル機動報道部","玉置太郎,大阪社会部,デジタル機動報道部",,,ネジート
https://omny.fm/shows/asahi/73-1,"Wed, 16 Feb 2022 19:00:00 +0000",（再）「タッパー神経衰弱」…ってなに？　名もなき家事に名前をつけよう #73,,"神田大介,音声ディレクター,コンテンツ編成本部","高橋健次郎,デジタル機動報道部","玉置太郎,大阪社会部,デジタル機動報道部",,,ネジート
https://omny.fm/shows/asahi/74-1,"Thu, 17 Feb 2022 19:00:00 +0000",（再）仕事人間が「主夫」になってみた　思っていたのと全然違った #74,,"神田大介,音声ディレクター,コンテンツ編成本部","高橋健次郎,デジタル機動報道部",中島弘幸,,,ネジート
https://omny.fm/shows/asahi/80-1,"Sun, 20 Feb 2022 19:00:00 +0000",売春防止法が時代にそぐわない　支援が必要な女性が処罰対象に  #75,,"神田大介,音声ディレクター,コンテンツ編成本部","大久保真紀,編集委員",,,,ネジート
https://omny.fm/shows/asahi/71,"Mon, 21 Feb 2022 19:00:00 +0000",（再）ワクチン特許、解放できるか　「反対＝カネほしさ」とは言い切れず #76,,"神田大介,音声ディレクター,コンテンツ編成本部","和気真也,ヨーロッパ総局",,,,ネジート
https://omny.fm/shows/asahi/81-1,"Wed, 23 Feb 2022 19:00:00 +0000",埼玉モスク探訪（前編）見た目は町工場　意外なところに礼拝所が #77,,"神田大介,音声ディレクター,コンテンツ編成本部","黒田早織,さいたま総局",,,,ネジート
https://omny.fm/shows/asahi/82-2,"Thu, 24 Feb 2022 19:00:00 +0000",埼玉モスク探訪（後編）悩み多きムスリム、知れば日本が見えてくる #78,,"神田大介,音声ディレクター,コンテンツ編成本部","黒田早織,さいたま総局",,,,ネジート
https://omny.fm/shows/asahi/5-75,"Sun, 27 Feb 2022 19:00:00 +0000",洗濯機をハラハラ見つめ、行水して扇風機で涼んだ日々　5アンペア生活やめました（前編） #79,,"神田大介,音声ディレクター,コンテンツ編成本部","斎藤健一郎,be編集部",,,,ネジート
https://omny.fm/shows/asahi/5-76-1,"Mon, 28 Feb 2022 19:00:00 +0000",エアコンついに解禁…悔しい、そして決意した　5アンペア生活やめました（中編） #80,,"神田大介,音声ディレクター,コンテンツ編成本部","斎藤健一郎,be編集部",,,,ネジート
https://omny.fm/shows/asahi/5-77,"Tue, 01 Mar 2022 19:00:00 +0000",エネルギー自給100％、夢のマイホームで仲間とほくほく　5アンペア生活やめました（後編） #81,,"神田大介,音声ディレクター,コンテンツ編成本部","斎藤健一郎,be編集部",,,,ネジート
https://omny.fm/shows/asahi/83-1,"Wed, 02 Mar 2022 19:00:00 +0000",夫が改姓し「加害者の気持ち」、名前を失う恐怖…　別姓婚を望む理由とは（前編） #82,,水野梓,"田渕紫織,ハグスタ編集長",,,,ネジート
https://omny.fm/shows/asahi/84-1,"Thu, 03 Mar 2022 19:00:00 +0000",両親が別姓だと「子どもはかわいそう」？　当事者に聞いてみたら…（後編） #83,,水野梓,"田渕紫織,ハグスタ編集長",,,,ネジート
https://omny.fm/shows/asahi/85,"Sun, 06 Mar 2022 19:00:00 +0000",ヨーロッパで夜行列車復活の兆し　ノスタルジーだけが理由じゃない #84,,"神田大介,音声ディレクター,コンテンツ編成本部","中村靖三郎,GLOBE編集部",,,,ネジート
https://omny.fm/shows/asahi/86-1,"Mon, 07 Mar 2022 19:00:00 +0000",夜行列車の進む道は、明るいか　選ばれるのは「スマートさ」ゆえ #85,,"神田大介,音声ディレクター,コンテンツ編成本部","中村靖三郎,GLOBE編集部",,,,ネジート
https://omny.fm/shows/asahi/87,"Tue, 08 Mar 2022 19:00:00 +0000",後継者不足の猟友会　でも、若者には狩猟免許が人気？ #86,,"神田大介,音声ディレクター,コンテンツ編成本部","黒田早織,埼玉総局",,,,ネジート
https://omny.fm/shows/asahi/66,"Wed, 09 Mar 2022 19:00:00 +0000",（再）ブラインドサッカーが魅力的すぎる　芸人さんもハマる楽しさ、難しさ #87,,"神田大介,音声ディレクター,コンテンツ編成本部","河本準一,芸人,次長課長","小島雄登,日本ブラインドサッカー協会普及部リーダー",,,ネジート
https://omny.fm/shows/asahi/67-1,"Thu, 10 Mar 2022 19:00:00 +0000",（再）接待プレーじゃ、タンメン食えねェ　ブラサカは要コミュ能力な格闘技 #88,,"神田大介,音声ディレクター,コンテンツ編成本部","河本準一,芸人,次長課長","小島雄登,日本ブラインドサッカー協会普及部リーダー",,,ネジート
https://omny.fm/shows/asahi/ofw-89,"Sun, 13 Mar 2022 19:00:00 +0000",フィリピン大統領選（前編）日本で熱を帯びる選挙活動　カギ握る「OFW」 #89,,"神田大介,音声ディレクター,コンテンツ編成本部","鈴木暁子,GLOBE副編集長",,,,ネジート
https://omny.fm/shows/asahi/90-1,"Mon, 14 Mar 2022 19:00:00 +0000",フィリピン大統領選（後編）国外追放された一家の長男が有力候補　人気の理由 #90,,"神田大介,音声ディレクター,コンテンツ編成本部","鈴木暁子,GLOBE副編集長",,,,ネジート
https://omny.fm/shows/asahi/600,"Tue, 15 Mar 2022 19:00:00 +0000",里親制度で親子になった（前編）　一緒に心地よく暮らせる距離とは #91,,"岸上渉,大阪本社コンテンツ編成本部","足立菜摘,松山総局",,,,ネジート
https://omny.fm/shows/asahi/601,"Wed, 16 Mar 2022 19:00:00 +0000",里親制度で親子になった（後編）　家族のかたち、色々あっていいよね #92,,"岸上渉,大阪本社コンテンツ編成本部","足立菜摘,松山総局",,,,ネジート
https://omny.fm/shows/asahi/70-3,"Thu, 17 Mar 2022 19:00:00 +0000",（再）魔女狩りの風習、続くインド　スケープゴートにされる女性たち #93,,"神田大介,音声ディレクター,コンテンツ編成本部","奈良部健,ニューデリー支局",,,,ネジート
https://omny.fm/shows/asahi/607,"Mon, 21 Mar 2022 19:00:00 +0000",押し寄せる難民、緊迫のベラルーシ国境　現場を見た記者が読み解く #94,,"神田大介,音声ディレクター,コンテンツ編成本部","喜田尚,モスクワ支局長",,,,ネジート
https://omny.fm/shows/asahi/28-95,"Tue, 22 Mar 2022 19:00:00 +0000",注目の米ボストン市長選　初当選の陣営、仕切った28歳の日系人 #95,,"秋山訓子,編集委員",赤井マリル,,,,ネジート
https://omny.fm/shows/asahi/96-2,"Wed, 23 Mar 2022 19:00:00 +0000",（再）ひきこもりのリアル　「自立のプロ」に託した長男は、孤独死した #96,,"神田大介,音声ディレクター,コンテンツ編成本部","高橋淳,特別報道部 社会部 記者",,,,ネジート
https://omny.fm/shows/asahi/100-97,"Thu, 24 Mar 2022 19:00:00 +0000",（再）「引き出しビジネス」が映す社会　ひきこもり100万人時代 #97,,"神田大介,音声ディレクター,コンテンツ編成本部","高橋淳,特別報道部 社会部 記者",,,,ネジート
https://omny.fm/shows/asahi/96,"Sun, 27 Mar 2022 19:00:00 +0000",エシカル消費、キリマンジャロで決意した　代表理事はミステリーハンター #98,,"神田大介,音声ディレクター,コンテンツ編成本部","末吉里花,エシカル協会,代表理事","鵜飼誠,イベント戦略事務局次長",,,ネジート
https://omny.fm/shows/asahi/97-1,"Mon, 28 Mar 2022 19:00:00 +0000",スーパーの店頭で社会は変わる　やればできるぞ、エシカル消費 #99,,"神田大介,音声ディレクター,コンテンツ編成本部","末吉里花,エシカル協会,代表理事","鵜飼誠,イベント戦略事務局次長",,,ネジート
https://omny.fm/shows/asahi/100-4,"Tue, 29 Mar 2022 19:00:00 +0000",（再） 電気自動車、サッカーボールも　児童労働で作られている ＃100,,"秋山訓子,編集委員","岩附由香,ACE（エース）",,,,ネジート
https://omny.fm/shows/asahi/r-globe-t,"Wed, 30 Mar 2022 19:00:00 +0000",顔出しNGで、あえて「ミスコン」に出てみる　Z世代とは（前編） #101,,"神田大介,音声ディレクター,コンテンツ編成本部","中川竜児,GLOBE編集部",,,,ネジート
https://omny.fm/shows/asahi/z-102,"Thu, 31 Mar 2022 19:00:00 +0000",ホームレス支援YouTuber、チャンネル登録20万人　Z世代とは（後編） #102,,"神田大介,音声ディレクター,コンテンツ編成本部","中川竜児,GLOBE編集部",,,,ネジート
https://omny.fm/shows/asahi/10-6,"Sun, 03 Apr 2022 19:00:00 +0000",「知られてはならない妊娠、どうすれば」　内密出産、1通のメールから始まった（前編） #103,,"安田桂子,コンテンツ編成本部","堀越理菜,熊本総局","山田佳奈,西部報道センター,現熊本総局",,,ネジート
https://omny.fm/shows/asahi/660170a6-73b9-4a2e-98cd-ae6900c3f1c4,"Mon, 04 Apr 2022 19:00:00 +0000",内密出産、ハッピーエンドではなくても　姿が見えない女性たちの声を聴く（後編） #104,,"安田桂子,コンテンツ編成本部","堀越理菜,熊本総局","山田佳奈,西部報道センター,現熊本総局",,,ネジート
https://omny.fm/shows/asahi/105-2,"Tue, 05 Apr 2022 19:00:00 +0000",女性議員、なぜ日本では増えないの　長野智子さんと常見陽平さんに聞く #105,,"秋山訓子,編集委員","長野智子,コメントプラスコメンテーター","常見陽平,コメントプラスコメンテーター,働き方評論家,千葉商科大学",,,ネジート
https://omny.fm/shows/asahi/106-1,"Wed, 06 Apr 2022 19:00:00 +0000",つい「奥さん」と言っちゃうけど　ジェンダー表現、本当にこれでいい？ #106,,"水野梓,withnews編集長","栗林史子,大阪経済部","中塚久美子,阪神支局",,,
https://omny.fm/shows/asahi/68ce44e5-4432-47aa-88fe-ae6b00931693,"Thu, 07 Apr 2022 19:00:00 +0000",女医、女子アナ…って「女」は必要？　現役記者たちの気付きとは #107,,"水野梓,withnews編集長","栗林史子,大阪経済部","中塚久美子,阪神支局",,,
https://omny.fm/shows/asahi/sf-111,"Sun, 10 Apr 2022 19:00:00 +0000",OTAKUが自宅で培養肉　コレSFかよ、研究者の経歴が濃すぎる件 #108,,"神田大介,音声ディレクター,コンテンツ編成本部","鵜飼誠,イベント戦略事務局次長","羽生雄毅 ,インテグリカルチャー CEO",,,ネジート
https://omny.fm/shows/asahi/112-1,"Mon, 11 Apr 2022 19:00:00 +0000",細胞培養→新しい食文化　シュタゲ・PSYCHO-PASS超えてゆけ #109,,"神田大介,音声ディレクター,コンテンツ編成本部","鵜飼誠,イベント戦略事務局次長","羽生雄毅 ,インテグリカルチャー CEO",,,ネジート
https://omny.fm/shows/asahi/110,"Tue, 12 Apr 2022 19:00:00 +0000",「男性育休」取るか、取らないか　もう問題はそこじゃないのだ #110,,"神田大介,音声ディレクター,コンテンツ編成本部","高橋健次郎,デジタル機動報道部","滝沢卓,文化くらし報道部",,,ネジート
https://omny.fm/shows/asahi/111-1,"Wed, 13 Apr 2022 19:00:00 +0000",新聞社で働くパラリンピアン森宏明　義足の元球児が見つけた次の夢①#111,,水野梓,"森宏明,スポーツ事業部",,,,ネジート
https://omny.fm/shows/asahi/112-2,"Thu, 14 Apr 2022 19:00:00 +0000",ウクライナ選手とともにした新聞社のパラリンピアン　痛感した平和の尊さ②#112,,水野梓,"森宏明,スポーツ事業部",,,,ネジート
https://omny.fm/shows/asahi/113,"Sun, 17 Apr 2022 19:00:00 +0000",阿蘇に残る巨神の伝説　自然災害に対峙した先人たちの姿が見えた #113,,"神田大介,音声ディレクター,コンテンツ編成本部","真野啓太,西部報道センター",,,,ネジート
https://omny.fm/shows/asahi/20220315-2-2-114,"Mon, 18 Apr 2022 19:00:00 +0000",その武士は、巨人だったのか　「百合若大臣」を追ってたどり着いた答え #114,,"神田大介,音声ディレクター,コンテンツ編成本部","真野啓太,西部報道センター",,,,ネジート
https://omny.fm/shows/asahi/20220315-2-3-115,"Tue, 19 Apr 2022 19:00:00 +0000",くぬ世はじみたる「天人」　沖縄に伝わる巨人は、どこから来たのか #115,,"神田大介,音声ディレクター,コンテンツ編成本部","真野啓太,西部報道センター",,,,ネジート
https://omny.fm/shows/asahi/1-2-116,"Wed, 20 Apr 2022 19:00:00 +0000",1位じゃないとダメですか（前編） 歴史も会社も「ナンバー2」が左右する？ #116,,"神田大介,音声ディレクター,コンテンツ編成本部","大牟田透,GLOBE編集部",,,,ネジート
https://omny.fm/shows/asahi/1-2-117,"Thu, 21 Apr 2022 19:00:00 +0000",1位じゃないとダメですか（後編） 「銀河英雄伝説」田中芳樹氏、ナンバー2不要論 #117,,"神田大介,音声ディレクター,コンテンツ編成本部","大牟田透,GLOBE編集部",,,,ネジート
https://omny.fm/shows/asahi/118-1,"Sun, 24 Apr 2022 19:00:00 +0000",宇宙デブリ、猛スピードの粗大ごみ　増え続けちゃって大丈夫？ #118,,"神田大介,音声ディレクター,コンテンツ編成本部","小川詩織,科学医療部,西部報道センター",,,,ネジート
https://omny.fm/shows/asahi/119-1,"Mon, 25 Apr 2022 19:00:00 +0000",「スポーツを楽しむ雰囲気は、なかった」　北京五輪のリアル（前編） #119,,"神田大介,音声ディレクター,コンテンツ編成本部","遠田寛生,ロンドン",,,,ネジート
https://omny.fm/shows/asahi/120-2,"Tue, 26 Apr 2022 19:00:00 +0000",パラリンピック、ドラマ秘めたアスリートたち　北京五輪のリアル（後編） #120,,"神田大介,音声ディレクター,コンテンツ編成本部","遠田寛生,ロンドン",,,,ネジート
https://omny.fm/shows/asahi/121-2,"Wed, 27 Apr 2022 19:00:00 +0000",素材をエコに変えても、足りない？　脱・使い捨て容器包装のススメ #121,,"神田大介,音声ディレクター,コンテンツ編成本部","神田明美,科学みらい部（大阪）",,,,ネジート
https://omny.fm/shows/asahi/122,"Sun, 01 May 2022 19:00:00 +0000",（再）ジェンダー投資、VC注目　フェムテックに「2兆円効果」 #122,,"神田大介,音声ディレクター,コンテンツ編成本部","細見るい,東京経済部",,,,ネジート
https://omny.fm/shows/asahi/123-1,"Thu, 05 May 2022 19:00:00 +0000",（再） なぜ日本は難民に冷たいのか　いま考えたい、入管法の問題 #123,,"秋山訓子,編集委員","石川えり,NPO法人,難民支援協会,代表理事",,,,ネジート
https://omny.fm/shows/asahi/124-1,"Sun, 08 May 2022 19:00:00 +0000",手洗いがやめられない①　強迫性障害の記者、向き合う妻の証言 #124,,神田大介,"佐藤陽, be編集部","佐藤みわ,(陽さんの妻さん、漢字不明)",,不明,Anzu
https://omny.fm/shows/asahi/125,"Mon, 09 May 2022 19:00:00 +0000",手洗いがやめられない②　修羅場の新婚生活、おむつをして仕事に #125,,神田大介,"佐藤陽, be編集部","佐藤みわ,(陽さんの妻さん、漢字不明)",,不明,Anzu
https://omny.fm/shows/asahi/126-1,"Tue, 10 May 2022 19:00:00 +0000",手洗いがやめられない③　克服したかと思いきや、コロナ生活であの兆候がまた #126,,神田大介,"佐藤陽, be編集部","佐藤みわ,(陽さんの妻さん、漢字不明)",,不明,Anzu
https://omny.fm/shows/asahi/3d-127,"Wed, 11 May 2022 19:00:00 +0000",3Dプリンターで、お寿司ができる？　フードテックが未来の食を支えるかも #127,,神田大介,"目黒隆行,GLOBE編集部",,,飯沼優仁,
https://omny.fm/shows/asahi/128-1,"Thu, 12 May 2022 19:00:00 +0000",（再）永田町を変える若者　あなたの居場所、わたしと作ろう #128,,"秋山訓子,編集委員","大空幸星,NPO法人,あなたのいばしょ,理事長",,,,
https://omny.fm/shows/asahi/129-1,"Sun, 15 May 2022 19:00:00 +0000",SFじゃない！火星移住①　案外すぐに住めるかもしれない　砂漠のまんなかで訓練 #129,,神田大介,"星野眞三雄,GLOBE編集部",,,飯沼優仁,
https://omny.fm/shows/asahi/130-1,"Mon, 16 May 2022 19:00:00 +0000",SFじゃない！火星移住②　30年前の「ミニ地球」 、最新技術で再挑戦中 #130,,神田大介,"星野眞三雄,GLOBE編集部",,,飯沼優仁,
https://omny.fm/shows/asahi/131-1,"Tue, 17 May 2022 19:00:00 +0000",SFじゃない！火星移住③　早い者勝ち？　火星に「理想国家」樹立のもくろみ #131,,神田大介,"星野眞三雄,GLOBE編集部",,,飯沼優仁,
https://omny.fm/shows/asahi/132-1,"Wed, 18 May 2022 19:00:00 +0000",湖畔で全員、スッポンポン…　ドイツ「裸の宴」で記者が見た別世界 #132,,神田大介,"玉川透,GLOBE編集長代理",,,真田嶺,
https://omny.fm/shows/asahi/133-1,"Thu, 19 May 2022 19:00:00 +0000",ナチスにも共産政権にも負けず　最後の一枚、脱ぎ捨て感じた「平等」 #133,,神田大介,"玉川透,GLOBE編集長代理",,,真田嶺,
https://omny.fm/shows/asahi/ha-134,"Sun, 22 May 2022 19:00:00 +0000",「いい病院」ってどう選ぶ？　ランキング本づくりは調査報道だった #134,,神田大介,"杉村健,週刊朝日ムック「いい病院」編集長",,,杢田光,
https://omny.fm/shows/asahi/135-1,"Mon, 23 May 2022 19:00:00 +0000",政治家の妻、夫、子どもという生き方　その葛藤にみる民主主義 #135,,神田大介,"秋山訓子,編集委員",,,杢田光,
https://omny.fm/shows/asahi/136,"Tue, 24 May 2022 19:00:00 +0000",園児が置き去りになっている　その実態、誰も把握できていない #136,,"神田大介,音声ディレクター,コンテンツ編成本部","平井恵美,東京経済部","南日慶子,コンテンツ編成本部",,杢田光,ネジート
https://omny.fm/shows/asahi/137-1,"Wed, 25 May 2022 19:00:00 +0000",園児の置き去り、保護者はどうすればいい？　3つのポイント #137,,"神田大介,音声ディレクター,コンテンツ編成本部","中井なつみ,くらし報道部","田渕紫織,くらし報道部",,杢田光,ネジート
https://omny.fm/shows/asahi/138-1,"Thu, 26 May 2022 19:00:00 +0000",（再）クラファンで、司法はもっと身近になる　聖人じゃない私たちだから #138,,秋山訓子,谷口太規,,,,
https://omny.fm/shows/asahi/139-1,"Sun, 29 May 2022 19:00:00 +0000",強権的なリーダーに、ひかれる理由を考えた　民主主義の裂け目が見えた #139,,神田大介,"玉川透,GLOBE編集部",,,杢田光,
https://omny.fm/shows/asahi/10-140,"Mon, 30 May 2022 19:00:00 +0000",交通事故で死んだネコ、殺処分の10倍もいたなんて　「かわいそう」の現場から（前編） #140,,神田大介,"矢田文,科学みらい部",,,杢田光,
https://omny.fm/shows/asahi/141,"Tue, 31 May 2022 19:00:00 +0000",かわいいカエルを駆除したくない、でもしなきゃ　「かわいそう」の現場から（後編） #141,,神田大介,"矢田文,科学みらい部",,,杢田光,
https://omny.fm/shows/asahi/142-1,"Wed, 01 Jun 2022 19:00:00 +0000",（再）「幸せの国」ブータン、もう一つの現実　去りゆく若者たち #142,,"神田大介,音声ディレクター,コンテンツ編成本部","藤えりか,東京経済部",,,,ネジート
https://omny.fm/shows/asahi/143-1,"Thu, 02 Jun 2022 19:00:00 +0000",（再）ゴールデングローブ賞に批判集中　アカデミー賞と比べても #143,,"神田大介,音声ディレクター,コンテンツ編成本部","藤えりか,東京経済部",,,,ネジート
https://omny.fm/shows/asahi/144-1,"Sun, 05 Jun 2022 19:00:00 +0000",「あいつゲイやねん」から22年、同級生と語り合った　アウティング（前編） #144,,神田大介,白川大介,"宮崎亮,大阪社会部",,杢田光,
https://omny.fm/shows/asahi/145-1,"Mon, 06 Jun 2022 19:00:00 +0000",「ゲイの友だちが欲しかったの」って？　ピンクウォッシュを超えていこう　アウティング（後編） #145,,神田大介,"白川大介,日本テレビ記者","宮崎亮,大阪社会部",,杢田光,
https://omny.fm/shows/asahi/146-2,"Tue, 07 Jun 2022 19:00:00 +0000",値上げのコツ（前編）　まずは提案してみて、意外と通るから #146,,神田大介,"杉本崇,「ツギノジダイ」編集長",,,杢田光,
https://omny.fm/shows/asahi/2-147,"Wed, 08 Jun 2022 19:00:00 +0000",値上げのコツ（後編）　中小企業の方が、大企業より強いこともあるから #147,,神田大介,"広部憲太郎,「ツギノジダイ」副編集長",,,杢田光,
https://omny.fm/shows/asahi/148-1,"Thu, 09 Jun 2022 19:00:00 +0000",（再）女性役員はなぜ少ないのか　内部昇格は100人に1人 #148,,"神田大介,音声ディレクター,コンテンツ編成本部","藤えりか,東京経済部,デジタル機動報道部",,,,
https://omny.fm/shows/asahi/149-1,"Sun, 12 Jun 2022 19:00:00 +0000",グロテスクさ、自分の中にも　井上荒野さんに聞く「生皮　あるセクシャルハラスメントの光景」（前編） #149,,神田大介,"井上荒野,作家",,,杢田光,
https://omny.fm/shows/asahi/150,"Mon, 13 Jun 2022 19:00:00 +0000",人間の不思議に近づきたくて　井上荒野さんに聞く「生皮　あるセクシャルハラスメントの光景」（後編） #150,,神田大介,"井上荒野,作家",,,杢田光,
https://omny.fm/shows/asahi/151-1,"Tue, 14 Jun 2022 19:00:00 +0000",吃音について考えた　言葉に詰まることって、誰にでもある #151,,神田大介,"小若理恵,大阪社会部",,,仲程雄平,
https://omny.fm/shows/asahi/152-1,"Wed, 15 Jun 2022 19:00:00 +0000",保育園探しで、目の当たりにした部落差別　水平社宣言100年 #152,,神田大介,"小若理恵,大阪社会部",,,仲程雄平,
https://omny.fm/shows/asahi/153-1,"Thu, 16 Jun 2022 19:00:00 +0000",（再）わずか15軒、全国と戦う　島根のアジサイに見るイノベーション #153,,神田大介,"榊原織和,松江総局",,,,
https://omny.fm/shows/asahi/154-1,"Sun, 19 Jun 2022 19:00:00 +0000",現地を見る意味、チョルノービリ原発で感じた　ダークツーリズム（前編） #154,,安田桂子,"水野梓,withnews編集長",,,飯沼優仁,
https://omny.fm/shows/asahi/155,"Mon, 20 Jun 2022 19:00:00 +0000",かわいい「ウサギ島」が背負う過去、楽しみも学びも　ダークツーリズム（後編） #155,,安田桂子,"水野梓,withnews編集長",,,飯沼優仁,
https://omny.fm/shows/asahi/156-1,"Tue, 21 Jun 2022 19:00:00 +0000",スニーカー沸騰　転売だけで年商2億円、履けなくても140万円 #156,,神田大介,"真海喬生,ニューヨーク支局員",,,木下広大,
https://omny.fm/shows/asahi/157-1,"Wed, 22 Jun 2022 19:00:00 +0000",子どもの生きづらさ、なくしたい　学習支援から広がったサポートの最前線 #157,,秋山訓子,"李炯植,Learning for All代表理事",,,飯沼優仁,
https://omny.fm/shows/asahi/158-1,"Thu, 23 Jun 2022 19:00:00 +0000",（再）母が感謝した「大坂なおみのプラットフォーム」　BLMは終わらない #158,,神田大介,"藤原学思,ニューヨーク支局",,,,
https://omny.fm/shows/asahi/159-1,"Sun, 26 Jun 2022 19:00:00 +0000",化学物質、東京や沖縄の水から検出　消された水汚染（前編） #159,,神田大介,"諸永裕司,マーケティング戦略本部",,,杢田光,
https://omny.fm/shows/asahi/160-1,"Mon, 27 Jun 2022 19:00:00 +0000",「PFOSって知ってる？」と沖縄で問われ、取材が始まった　消された水汚染（後編） #160,,神田大介,"諸永裕司,マーケティング戦略本部",,,杢田光,
https://omny.fm/shows/asahi/161-2,"Tue, 28 Jun 2022 19:00:00 +0000",ディープラーニングする補聴器、進化する人工感覚器　「補う」を超える（前編） #161,,神田大介,"大牟田透,GLOBE編集部",,,飯沼優仁,
https://omny.fm/shows/asahi/162-1,"Wed, 29 Jun 2022 19:00:00 +0000",レーザー光で網膜に映像を投影、乱視でも鮮明に　「補う」を超える（後編） #162,,神田大介,"大牟田透,GLOBE編集部",,,飯沼優仁,
https://omny.fm/shows/asahi/163-1,"Thu, 30 Jun 2022 19:00:00 +0000",（再）ハリウッドの壁、YouTubeで挑め　扉を開けた日本人たち #163,,"神田大介,音声ディレクター,コンテンツ編成本部","藤えりか,東京経済部,デジタル機動報道部",,,,
https://omny.fm/shows/asahi/164-1,"Sun, 03 Jul 2022 19:00:00 +0000",アルツハイマー病の新薬「アデュカヌマブ」　画期的なのに、なぜ普及しない？ #164,,神田大介,"真海喬生,ニューヨーク支局",,,橋本佳奈,
https://omny.fm/shows/asahi/165-2,"Mon, 04 Jul 2022 19:00:00 +0000",子犬・子猫にマイクロチップ　義務化の裏に透ける「構造」 #165,,神田大介,"太田匡彦,文化部",,,真田嶺,
https://omny.fm/shows/asahi/166-1,"Tue, 05 Jul 2022 19:00:00 +0000",環境省に集まる、大量の個人情報　「マイクロチップありき」だった？ #166,,神田大介,"太田匡彦,文化部",,,真田嶺,
https://omny.fm/shows/asahi/167-1,"Wed, 06 Jul 2022 19:00:00 +0000",弱さも葛藤も音楽に　BTS、7色の個性で世界を魅了 #167,,杢田光,"稲田清英,ソウル支局","定塚遼,文化部",,,
https://omny.fm/shows/asahi/168-1,"Thu, 07 Jul 2022 19:00:00 +0000",兵役どうなる？アイドルの持続可能性　BTSの問いかけ #168,,杢田光,"稲田清英,ソウル支局","定塚遼,文化部",,,
https://omny.fm/shows/asahi/169-1,"Sun, 10 Jul 2022 19:00:00 +0000",食事が怖い、カロリーで頭いっぱい　記者に届いた1通のハガキ　摂食障害のリアル① #169,,杢田光,"山内深紗子,くらし報道部",,,杢田光,
https://omny.fm/shows/asahi/170-1,"Mon, 11 Jul 2022 19:00:00 +0000",見た目重視のルッキズム　報道の罪深さ「私も傍観者だった」　摂食障害のリアル② #170,,杢田光,"山内深紗子,くらし報道部",,,杢田光,
https://omny.fm/shows/asahi/171-01,"Tue, 12 Jul 2022 19:00:00 +0000",遺族は記者に言葉を託した　レディー・ガガの歌に宿る美しさ　摂食障害のリアル③ #171,,杢田光,"山内深紗子,くらし報道部",,,杢田光,
https://omny.fm/shows/asahi/172-1,"Wed, 13 Jul 2022 19:00:00 +0000",（再）謎の未来都市、富士山のふもとに　トヨタの夢と生存戦略 #172,,"神田大介,音声ディレクター,コンテンツ編成本部","神澤和敬,政治部","矢吹孝文,経営企画室",,,ネジート
https://omny.fm/shows/asahi/173-1,"Thu, 14 Jul 2022 19:00:00 +0000",（再）経産省側、透ける筋書き　狙いは「核のごみ」批判の分散か #173,,神田大介,"伊沢健司,現東京経済部",,,,
https://omny.fm/shows/asahi/174-1,"Mon, 18 Jul 2022 19:00:00 +0000",「ベトナム戦争の教訓は、消えてしまった」　米退役軍人がいま、思うこと #174,,真田嶺,"藤えりか,デジタル機動報道部",,,杢田光,
https://omny.fm/shows/asahi/175-1,"Tue, 19 Jul 2022 19:00:00 +0000",あの写真の少女は2度逃げた　ベトナム戦争を生き延びて　ナパーム弾の少女① #175,,神田大介,"藤えりか,デジタル機動報道部",,,杢田光,
https://omny.fm/shows/asahi/176-1,"Wed, 20 Jul 2022 19:00:00 +0000",赦しがトラウマからの回復に　退役軍人は謝罪した　ナパーム弾の少女② #176,,神田大介,"藤えりか,デジタル機動報道部",,,杢田光,
https://omny.fm/shows/asahi/177-1,"Thu, 21 Jul 2022 19:00:00 +0000",（再）寿都町長、狙いはビジネス　「核のごみ」めぐる舞台裏 #177,,神田大介,"伊沢健司,北海道報道センター",,,,
https://omny.fm/shows/asahi/178-1,"Thu, 21 Jul 2022 19:00:00 +0000",（再）経産省側、透ける筋書き　狙いは「核のごみ」批判の分散か #178,,神田大介,"伊沢健司,現東京経済部",,,,
https://omny.fm/shows/asahi/179-1,"Sun, 24 Jul 2022 19:00:00 +0000",虫愛が強すぎて･･･ 古文書をめくってレスキュー　もんじょこむしの世界① #179,,杢田光,"竹石涼子,科学みらい部",,,杢田光,
https://omny.fm/shows/asahi/180-2,"Mon, 25 Jul 2022 19:00:00 +0000",手つかずの蔵の奥から　ハチの新種を発見？　もんじょこむしの世界② #180,,杢田光,"竹石涼子,科学みらい部",,,杢田光,
https://omny.fm/shows/asahi/181-1,"Tue, 26 Jul 2022 19:00:00 +0000",高専？いいえKOSENです　世界がうらやむ高等専門学校（前編） #181,,神田大介,"織田一,Globe編集部",,,飯沼優仁,
https://omny.fm/shows/asahi/182-1,"Wed, 27 Jul 2022 19:00:00 +0000",高専生に「10億円」の評価　日本のジョブズが生まれるかも？（後編） #182,,神田大介,"織田一,Globe編集部",,,飯沼優仁,
https://omny.fm/shows/asahi/183-1,"Thu, 28 Jul 2022 19:00:00 +0000",（再） 英語も演技も「日米ギャップ」　でもその違い、超えられる #183,,神田大介,"藤えりか,現デジタル機動報道部",,,,
https://omny.fm/shows/asahi/184-1,"Sun, 31 Jul 2022 19:00:00 +0000",夢見た海外、過酷な現実　子ども連れて逃げた　南米のウチナーンチュ（前編） #184,,安田桂子,"岡田玄,オピニオン編集部",,,安田桂子,
https://omny.fm/shows/asahi/185,"Mon, 01 Aug 2022 19:00:00 +0000",友人から衝撃の言葉　記者は問い続ける「私は何者なのか」　南米のウチナーンチュ（後編） #185,,安田桂子,"岡田玄,オピニオン編集部",,,安田桂子,
https://omny.fm/shows/asahi/186-1,"Tue, 02 Aug 2022 19:00:00 +0000",むかし広島にも「アメリカ村」があった　移民県の知られざる苦労話 #186,,神田大介,"戸田和敬,広島総局",,,杢田光,
https://omny.fm/shows/asahi/187-1,"Wed, 03 Aug 2022 19:00:00 +0000",（再）チベットで見たアメとムチ 　収入6倍、でも「話せない」 #187,,神田大介,"冨名腰隆,中国総局",,,,
https://omny.fm/shows/asahi/188-1,"Thu, 04 Aug 2022 19:00:00 +0000",（再）つらい生理、政治家も動いた　いま考える「生理と政治」 #188,,神田大介,"秋山訓子,編集委員",,,,
https://omny.fm/shows/asahi/189-1,"Sat, 06 Aug 2022 19:00:00 +0000",【速報】リスナーのみなさんに大切なお知らせです #189,,杢田光,真田嶺,"神田大介,音声ディレクター,コンテンツ編成本部",,杢田光,ネジート
https://omny.fm/shows/asahi/190-1,"Sun, 07 Aug 2022 19:00:00 +0000",核兵器どうしてく？　自分ごととして捉える若者たち　ウィーン会議 #190,,神田大介,"福冨旅史,広島総局",,,杢田光,
https://omny.fm/shows/asahi/191,"Mon, 08 Aug 2022 19:00:00 +0000",憲法ってなんだっけ　同性婚、知る権利の裁判でも争われたけど（前編） #191,,安田桂子,"豊秀一,編集委員",,,安田桂子,
https://omny.fm/shows/asahi/192-1,"Tue, 09 Aug 2022 19:00:00 +0000",「憲法はお月さま」…ってどういうこと？　条文フェチを脱しよう（後編） #192,,安田桂子,"豊秀一,編集委員",,,安田桂子,
https://omny.fm/shows/asahi/193-1,"Sun, 14 Aug 2022 19:00:00 +0000",（再）がらがら「大西洋のハワイ」　移民・難民とコロナ危機 #193,,神田大介,"疋田多揚,パリ支局",,,,
https://omny.fm/shows/asahi/194-1,"Mon, 15 Aug 2022 19:00:00 +0000",（再）「パンツ戦争」勃発中　生理からすべてが見えてくる #194,,神田大介,"秋山訓子,編集委員",,,,
https://omny.fm/shows/asahi/195-1,"Tue, 16 Aug 2022 19:00:00 +0000",嘔吐し、震える子ども　保育園の不適切保育　こぼれ落ちる子どもたち① #195,,杢田光,"久永隆一,くらし報道部",,,杢田光,
https://omny.fm/shows/asahi/196-1,"Wed, 17 Aug 2022 19:00:00 +0000",奨学金には「時差」がある　バイト漬けの高校時代　こぼれ落ちる子どもたち② #196,,杢田光,"久永隆一,くらし報道部",,,杢田光,
https://omny.fm/shows/asahi/av-197,"Thu, 18 Aug 2022 19:00:00 +0000",AV出演契約取り消すには　法改正で変わったこと　こぼれ落ちる子どもたち③ #197,,杢田光,"久永隆一,くらし報道部",,,杢田光,
https://omny.fm/shows/asahi/198-2,"Sun, 21 Aug 2022 19:00:00 +0000",（再）彼女の名はオコンジョイウェアラ　WTOの新リーダー #198,,"神田大介,音声ディレクター,コンテンツ編成本部","和気真也,欧州総局",,,,
https://omny.fm/shows/asahi/199-1,"Mon, 22 Aug 2022 19:00:00 +0000",ゲイへの固定観念どこから？　告白断るとアウティングされ...　5点ラジオと語る① #199,,神田大介,"しょうちゃん,ゲイと女の5点ラジオ","ヴァジャ,ゲイと女の5点ラジオ","水野梓,withnews編集長",杢田光,
https://omny.fm/shows/asahi/200-1,"Tue, 23 Aug 2022 19:00:00 +0000",同性婚判決にマジレスしたら、昔の自分が頭をかすめた 　5点ラジオと語る② #200,,神田大介,"ヴァジャ,ゲイと女の5点ラジオ","しょうちゃん,ゲイと女の5点ラジオ","水野梓,withnews編集長",杢田光,
https://omny.fm/shows/asahi/201-1,"Wed, 24 Aug 2022 19:00:00 +0000",キラキラ輝く音がする　広島の被爆ピアノを演奏すると...（耳で聞く広島） #201,,杢田光,"矢川光則,矢川ピアノ工房 被爆ピアノ資料館",,,,
https://omny.fm/shows/asahi/202-1,"Thu, 25 Aug 2022 19:00:00 +0000",夜通しトラックのハンドルを握る　ピアノの音色を届けるため（耳で聞く広島） #202,,杢田光,"矢川光則,矢川ピアノ工房 被爆ピアノ資料館",,,,
https://omny.fm/shows/asahi/203,"Sun, 28 Aug 2022 19:00:00 +0000",（再）すべてジェンダーだったのか！　「マジョリティー男性」はどうする #203,,"神田大介,音声ディレクター,コンテンツ編成本部","伊木緑,東京社会部",,,,
https://omny.fm/shows/asahi/204-1,"Mon, 29 Aug 2022 19:00:00 +0000",彼氏と2人で泣いた　一緒にいたいだけなのに　私の悩み、社会を変える？① #204,,杢田光,"牛尾梓,デジタル機動報道部",,,杢田光,
https://omny.fm/shows/asahi/205-1,"Tue, 30 Aug 2022 19:00:00 +0000",結婚を急かす親には言えない　私のホンネ　私の悩み、社会を変える？② #205,,杢田光,"牛尾梓,デジタル機動報道部",,,杢田光,
https://omny.fm/shows/asahi/1-206,"Wed, 31 Aug 2022 19:00:00 +0000",暑くて外で遊べない　自然と触れ合える夏なのに… 気候変動① #206,,杢田光,"水戸部六美,科学みらい部",,,杢田光,
https://omny.fm/shows/asahi/1-207,"Thu, 01 Sep 2022 19:00:00 +0000",秋田が大阪のような暑さに...　子どもの熱中症を防ぐには　気候変動② #207,,杢田光,"水戸部六美,科学みらい部",,,杢田光,
https://omny.fm/shows/asahi/gk-208,"Sun, 04 Sep 2022 19:00:00 +0000",（再）私は帰れない①　難民申請したサッカー・ミャンマー代表GKが語る #208,,神田大介,"聞き手,宮崎亮 大阪社会部",,,,
https://omny.fm/shows/asahi/3-209,"Mon, 05 Sep 2022 19:00:00 +0000",（再）私は帰れない②　抵抗の「3本指」、ミャンマーからの警告、そして監視網からの脱出 #209,,神田大介,"聞き手,宮崎亮 大阪社会部",,,,
https://omny.fm/shows/asahi/3-210,"Tue, 06 Sep 2022 19:00:00 +0000",（再）私は帰れない③　サッカー選手の夢か、正義か　3本指を掲げるまで #210,,神田大介,"聞き手,宮崎亮 大阪社会部",,,,
https://omny.fm/shows/asahi/211,"Wed, 07 Sep 2022 19:00:00 +0000",命の大切さを考える学校飼育動物　お世話が先生の負担に？ 　動物介在教育のいま（前編） #211,,神田大介,"太田匡彦,文化くらし報道部,http://twitter.com/qEaLO0nvwWqCKMx","西田有里,さいたま総局員",,飯沼優仁,
https://omny.fm/shows/asahi/212-1,"Thu, 08 Sep 2022 19:00:00 +0000",生きた動物を使わずに命の教育　動物園の新しい取り組み　動物介在教育のいま（後編） #212,,神田大介,"太田匡彦,文化くらし報道部,http://twitter.com/qEaLO0nvwWqCKMx","西田有里,さいたま総局員",,飯沼優仁,
https://omny.fm/shows/asahi/213-1,"Sun, 11 Sep 2022 19:00:00 +0000",（再）危篤の母に、会いに行けない　国籍のない日本の子どもたち #213,,神田大介,"藤崎麻里,現政治部",,,,
https://omny.fm/shows/asahi/214-1,"Mon, 12 Sep 2022 19:00:00 +0000",自由を求めキャンピングカーへ　チェックすべきは走行性能　車中泊① #214,,神田大介,"斎藤健一郎,文化部 be編集部",,,杢田光,
https://omny.fm/shows/asahi/215-1,"Tue, 13 Sep 2022 19:00:00 +0000",キャンピングカーの必須アイテム　災害への備えにも　車中泊② #215,,神田大介,"斎藤健一郎,文化部 be編集部",,,杢田光,
https://omny.fm/shows/asahi/216-1,"Wed, 14 Sep 2022 19:00:00 +0000",「あいうえお…」って何音ある？　言葉の森で救世主あらわる　50音のふしぎ① #216,,神田大介,"斎藤健一郎,文化部 be編集部",,,杢田光,
https://omny.fm/shows/asahi/217-1,"Thu, 15 Sep 2022 19:00:00 +0000",「あいうえお」の源流をたどって山代温泉へ　50音のふしぎ② #217,,神田大介,"斎藤健一郎,文化部 be編集部",,,杢田光,
https://omny.fm/shows/asahi/218-1,"Mon, 19 Sep 2022 19:00:00 +0000",（再）別姓カップル、削られる心　「要するに内縁でしょ」「結婚の意味あるの」 #218,,神田大介,"田渕紫織,ハグスタ編集長",,,,
https://omny.fm/shows/asahi/219-1,"Tue, 20 Sep 2022 19:00:00 +0000",愛想笑い、いじめを生き抜く術だった　図書館へ逃げて「ほっ」 #219,,神田大介,杢田光,真田嶺,,,
https://omny.fm/shows/asahi/220-1,"Wed, 21 Sep 2022 19:00:00 +0000",「いじめていたこと、謝りたい」リスナーさんの相談に答えます #220,,神田大介,杢田光,真田嶺,,,
https://omny.fm/shows/asahi/221-1,"Sun, 25 Sep 2022 19:00:00 +0000",（再）池の水、抜くのは誰のため？　外来種はなぜ敵視されてしまうの #221,,神田大介,"小坪遊,現・科学みらい部",,,,
https://omny.fm/shows/asahi/222-1,"Mon, 26 Sep 2022 19:00:00 +0000",育休は本当に「休み」ですか？　男性が１カ月育休を取って考えたこと　＃222,,木下広大,仲程雄平,橋本佳奈,,木下広大,
https://omny.fm/shows/asahi/223-1,"Tue, 27 Sep 2022 19:00:00 +0000",「世界一人道的な刑務所」 まるで大学、図書室もジムも完備　変わる刑務所① #223,,神田大介,"中川竜児,GLOBE編集部",,,飯沼優仁,
https://omny.fm/shows/asahi/224-1,"Wed, 28 Sep 2022 19:00:00 +0000",受刑者の社会復帰を重んじる運営に被害者は…　返ってきた意外な答え　変わる刑務所② #224,,神田大介,"中川竜児,GLOBE編集部",,,飯沼優仁,
https://omny.fm/shows/asahi/225-1,"Thu, 29 Sep 2022 19:00:00 +0000",懲らしめる処遇は本当に必要なのか？　服役者の更生に必要なものとは  変わる刑務所③ #225,,神田大介,"中川竜児,GLOBE編集部",,,飯沼優仁,
https://omny.fm/shows/asahi/226-1,"Sun, 02 Oct 2022 19:00:00 +0000",温暖化という「ドーピング」　途上国にしわ寄せが…　気候変動を知ろう① #226,,"水野梓,withnews編集長","松川希実,withnews記者","江守正多,東京大学教授",,杢田光,
https://omny.fm/shows/asahi/227-1,"Mon, 03 Oct 2022 19:00:00 +0000",「我慢」じゃなくて、暮らしを豊かに　温暖化対策のイメージは？　気候変動を知ろう② #227,,"水野梓,withnews編集長","松川希実,withnews記者","江守正多,東京大学教授",,杢田光,
https://omny.fm/shows/asahi/228-1,"Tue, 04 Oct 2022 19:00:00 +0000",刺さる人、刺さらない人それぞれでいい　大きな石を動かすには？　気候変動を知ろう③ #228,,"水野梓,withnews編集長","松川希実,withnews記者","江守正多,東京大学教授",,杢田光,
https://omny.fm/shows/asahi/229-1,"Wed, 05 Oct 2022 19:00:00 +0000",砂浜が消えてゆく　 サザン名曲で知られる映画ロケ地がいまは…  #229,,杢田光,"関根慎一,科学みらい部",,,杢田光,
https://omny.fm/shows/asahi/230-1,"Thu, 06 Oct 2022 19:00:00 +0000",愛想笑いする自分もヨシ！　未完成の対話から始めよう #230,,杢田光,飯沼優仁,望月愛実,,,
https://omny.fm/shows/asahi/231-11,"Sun, 09 Oct 2022 19:00:00 +0000",（再）女子校は「女性専用車両のようなものよ」　上野千鶴子さん、生徒たちと討論 #231,,神田大介,"阿部朋美,現・マーケティング戦略本部",,,,
https://omny.fm/shows/asahi/232-11,"Mon, 10 Oct 2022 19:00:00 +0000",耕さないのに、土が柔らかい　環境に優しい6原則とは　耕さない農業① #232,,神田大介,"石井徹,編集委員",,,菅澤百恵,
https://omny.fm/shows/asahi/233-1,"Tue, 11 Oct 2022 19:00:00 +0000",不耕起栽培は土壌の劣化を防ぐ、途上国にメリットも　耕さない農業② #233,,神田大介,"石井徹,編集委員",,,菅澤百恵,
https://omny.fm/shows/asahi/234-1,"Wed, 12 Oct 2022 19:00:00 +0000",気候変動対策にもなる不耕起栽培、叫ばれる農業変革　耕さない農業③ #234,,神田大介,"石井徹,編集委員",,,菅澤百恵,
https://omny.fm/shows/asahi/235-2,"Thu, 13 Oct 2022 19:00:00 +0000",職場での装い　どこまで自由？　スタバ、ドンキ、新聞社は #235,,杢田光,飯沼優仁,望月愛実,,,
https://omny.fm/shows/asahi/236-2,"Mon, 17 Oct 2022 01:00:00 +0000",（再）「ネコバス問題」を考える　自分が好きな生きもの、だけじゃない世界 #236,,神田大介,"小坪遊,現・科学みらい部",,,,
https://omny.fm/shows/asahi/237-2,"Mon, 17 Oct 2022 23:09:35 +0000",牛乳嫌いだったけど、父と始めたミルクスタンド　巡った牧場100カ所　いちおしウニュ！① #237,,水野梓,"木村充慶,武蔵野デーリー",飯沼優仁,,波絵理子,
https://omny.fm/shows/asahi/238-1,"Tue, 18 Oct 2022 19:00:00 +0000",「放牧牛乳」ってなに　レバーをひねって牛乳を出す、の壁　いちおしウニュ！ミルクスタンド② #238,,水野梓,"木村充慶,武蔵野デーリー",飯沼優仁,,波絵理子,
https://omny.fm/shows/asahi/239-1,"Wed, 19 Oct 2022 19:00:00 +0000",臭くない牧場、実現する？　牧場巡りで「堆肥を食べた」ら…　いちおしウニュ！ミルクスタンド③ #239,,水野梓,"木村充慶,武蔵野デーリー",飯沼優仁,,波絵理子,
https://omny.fm/shows/asahi/240-1,"Thu, 20 Oct 2022 19:00:00 +0000",オンラインでも一緒にいたい？　通話つなぎっぱとコロナ禍 #240,,杢田光,飯沼優仁,望月愛実,,,
https://omny.fm/shows/asahi/241-4,"Sun, 23 Oct 2022 19:00:00 +0000",手放したから見つけた時間　父親が「戦線離脱」してもほしかったもの #241,,"高橋健次郎,デジタル機動報道部","神田大介,音声ディレクター,コンテンツ編成本部","竹端寛,兵庫県立大学准教授",,加地ゆうき,MC　高橋健次郎（デジタル機動報道部）、神田大介 とpageに記載あり ネジート
https://omny.fm/shows/asahi/242,"Mon, 24 Oct 2022 19:00:00 +0000",妻に助言…じゃなくて、ただ聴いて　子育てのモヤモヤは夫婦のモヤモヤ #242,,"高橋健次郎,デジタル機動報道部","神田大介,音声ディレクター,コンテンツ編成本部","竹端寛,兵庫県立大学准教授",,加地ゆうき,MC　高橋健次郎（デジタル機動報道部）、神田大介 とpageに記載あり　ネジート
https://omny.fm/shows/asahi/243-1,"Tue, 25 Oct 2022 19:00:00 +0000",「誰かの足を踏んでいたかも」力関係をみつめ、ジェンダーを語ろう×毎日新聞 #243,,神田大介,"菅野蘭,毎日新聞デジタル報道センター 記者","芳賀竜也,毎日新聞運動部 デスク",,杢田光,
https://omny.fm/shows/asahi/244-1,"Wed, 26 Oct 2022 19:00:00 +0000",紋切り型の言葉に「おやっ」　性の語りづらさを超えるには×毎日新聞 #244,,神田大介,"菅野蘭,毎日新聞デジタル報道センター 記者","芳賀竜也,毎日新聞運動部 デスク",,杢田光,
https://omny.fm/shows/asahi/245-1,"Thu, 27 Oct 2022 19:00:00 +0000",「推し」のライブで記憶が飛んだ　王子様は空を飛ぶ #245,,杢田光,飯沼優仁,望月愛実,,,
https://omny.fm/shows/asahi/246,"Sun, 30 Oct 2022 19:00:00 +0000",黒歴史語学編①語学習得は「努力で何とかなる」？　人に言わないつらかった留学生活 #246,,真田嶺,"神田大介,音声ディレクター,コンテンツ編成本部","中島晋也,総合プロデュース本部",,菅澤百恵,ネジート
https://omny.fm/shows/asahi/247,"Mon, 31 Oct 2022 19:00:00 +0000",黒歴史語学編②英語力を悟られないように…帰国子女は苦悩　続いた語学への苦手意識 #247,,真田嶺,"神田大介,音声ディレクター,コンテンツ編成本部","中島晋也,総合プロデュース本部",,菅澤百恵,ネジート
https://omny.fm/shows/asahi/248-1,"Tue, 01 Nov 2022 19:00:00 +0000",黒歴史語学編③語学勉強は「黒歴史も必要」　1番大事なのは楽しさ #248,,真田嶺,"神田大介,音声ディレクター,コンテンツ編成本部","中島晋也,総合プロデュース本部",,菅澤百恵,ネジート
https://omny.fm/shows/asahi/249-1,"Thu, 03 Nov 2022 19:00:00 +0000",自衛を叫ぶその前に　性被害の記事で悔やんでいること #249,,杢田光,飯沼優仁,望月愛実,,,
https://omny.fm/shows/asahi/250-1,"Sun, 06 Nov 2022 19:00:00 +0000",数千人がびっしり…響く金づち　バッテリーの原材料が生まれる現場　コバルト生産の闇（前編） #250,,神田大介,"遠藤雄司,ヨハネスブルク",,,飯沼優仁,
https://omny.fm/shows/asahi/251-2,"Mon, 07 Nov 2022 02:55:00 +0000",住宅裏に掘られた違法な鉱山　命の危険を感じ、取材を断念　コバルト生産の闇（後編） #251,,神田大介,"遠藤雄司,ヨハネスブルク",,,飯沼優仁,
https://omny.fm/shows/asahi/252-1,"Mon, 07 Nov 2022 19:00:00 +0000",かつての集落が海の底に　海岸浸食で姿を消す村 #252,,神田大介,"遠藤雄司,ヨハネスブルク",,,飯沼優仁,
https://omny.fm/shows/asahi/253,"Tue, 08 Nov 2022 19:00:00 +0000",「アフリカ人はどんな服でも着ると？」　ガーナで大量廃棄されている古着 #253,,神田大介,"遠藤雄司,ヨハネスブルク",,,飯沼優仁,
https://omny.fm/shows/asahi/254-1,"Wed, 09 Nov 2022 19:00:00 +0000",国力に見合わない借り入れでデフォルトに　中国マネー揺れるアフリカ #254,,神田大介,"遠藤雄司,ヨハネスブルク",,,飯沼優仁,
https://omny.fm/shows/asahi/255-1,"Thu, 10 Nov 2022 19:00:00 +0000",話のあんばいが難しい　脇道にそれる余裕　私たちも悩んでます #255,,杢田光,飯沼優仁,望月愛実,,,
https://omny.fm/shows/asahi/256-2,"Sun, 13 Nov 2022 19:00:00 +0000",それって「すみません」なの？　「ありがとう」と言い換えれば優しくなれる #256,,堀江麻友,"江向彩也夏,イベント戦略室",波絵理子,,不明,Anzu 波さんの所属が未記入です
https://omny.fm/shows/asahi/257-1,"Mon, 14 Nov 2022 19:00:00 +0000",（再）女性ツートップの地方議会　パイオニアの熱気と、28年後の自然体 #257,,神田大介,"石橋英昭,編集委員",,,,
https://omny.fm/shows/asahi/258-1,"Tue, 15 Nov 2022 19:00:00 +0000",その魚、安さだけで選んで大丈夫？　漁業の悪循環をたち切るには（前編） #258,,"秋山訓子,編集委員","勝川俊雄,東京海洋大学准教授","北郷美由紀,編集委員",,杢田光,
https://omny.fm/shows/asahi/259-1,"Wed, 16 Nov 2022 19:00:00 +0000",取りすぎない漁、千葉で半世紀　魚を食べるとき考えたいこと（後編） #259,,"秋山訓子,編集委員","勝川俊雄,東京海洋大学准教授","北郷美由紀,編集委員",,杢田光,
https://omny.fm/shows/asahi/260-3,"Thu, 17 Nov 2022 19:00:00 +0000",漠然とした不安「私はなぜここに？」　哲学に走る時期、あります #260,,杢田光,飯沼優仁,望月愛実,,,
https://omny.fm/shows/asahi/261-1,"Sun, 20 Nov 2022 19:00:00 +0000",一夫一妻制ではない家族のあり方　想像力を膨らませてみる #261,,堀江麻友,"江向彩也夏,イベント戦略室",波絵理子,,不明,Anzu 波さんの所属が未記入です
https://omny.fm/shows/asahi/262-1,"Mon, 21 Nov 2022 19:00:00 +0000",ハーイヤッ！鶴見の沖縄角力　それぞれの「うちなー」に出会う #262,,"安田桂子,コンテンツ編成本部",,,,安田桂子取材,
https://omny.fm/shows/asahi/263-1,"Wed, 23 Nov 2022 19:00:00 +0000",（再）ベトナム石炭火力、進める日本　「自国だけクリーン」でいい？ #263,,神田大介,"宋光祐,現・パリ支局長",,,,
https://omny.fm/shows/asahi/264-1,"Thu, 24 Nov 2022 19:00:00 +0000",カミングアウトを考える　美味しそうな作品がきっかけになるかも #264,,杢田光,飯沼優仁,望月愛実,,,
https://omny.fm/shows/asahi/sdgs0,"Fri, 25 Nov 2022 01:59:21 +0000",新聞1面じゃなくても大事なこと -SDGsを話そう-（2分で番組紹介）,,杢田光,,,,,
https://omny.fm/shows/asahi/265-1,"Sun, 27 Nov 2022 19:00:00 +0000",偏見こそが最大の障害　「これだからゆとりは」と言われた私たちは #265,,堀江麻友,"江向彩也夏,イベント戦略室",波絵理子,,不明,Anzu 波さんの所属が未記入です
https://omny.fm/shows/asahi/1-266,"Mon, 28 Nov 2022 19:00:00 +0000",2650ｍ泳いでギネス認定　知的障害のスイマー、顔を上げたクロールで挑んだ記録 #266,,仲程雄平,"上田真美,奈良総局",,,仲程雄平,
https://omny.fm/shows/asahi/267-0,"Tue, 29 Nov 2022 19:00:00 +0000",トランス女性とともに学ぶ女子大　言葉の裏の不安に耳をすませて（前編） #267,,杢田光,"小山聡子,日本女子大 人間社会学部社会福祉学科 教授","塩入彩,社会部",,杢田光,
https://omny.fm/shows/asahi/268-0,"Wed, 30 Nov 2022 19:00:00 +0000",SOGIはみんなの問題です　重ねた対話、トランス女性とともに学ぶ女子大（後編） #268,,杢田光,"小山聡子,日本女子大 人間社会学部社会福祉学科 教授","塩入彩,社会部",,杢田光,
https://omny.fm/shows/asahi/269-1,"Thu, 01 Dec 2022 19:00:00 +0000",顔写真不要のESやサウナ面接　就活も進化してるんだ #269,,杢田光,飯沼優仁,望月愛実,,,
https://omny.fm/shows/asahi/270-1,"Sun, 04 Dec 2022 19:00:00 +0000",曲がりくねった道の先に　あなたの人生という轍ができる #270,,堀江麻友,"江向彩也夏,イベント戦略室",波絵理子,,不明,Anzu 波さんの所属が未記入です
https://omny.fm/shows/asahi/sdgs-271,"Mon, 05 Dec 2022 19:00:00 +0000",「どこかのだれかの人生のにおいがする」　SDGsを音声番組で身近に #271,,杢田光,安田桂子,飯沼優仁,,杢田光,
https://omny.fm/shows/asahi/272-1,"Tue, 06 Dec 2022 19:00:00 +0000",カエサル、お前もか　薄毛の悩みは時代を超えて　たかが髪、されど髪① #272,,神田大介,"中川竜児,GLOBE編集部",,,波絵理子,
https://omny.fm/shows/asahi/273-1,"Wed, 07 Dec 2022 19:00:00 +0000",寝癖がつく？だがそれがいい　かつら工場最前線　たかが髪、されど髪② #273,,神田大介,"中川竜児,GLOBE編集部",,,波絵理子,
https://omny.fm/shows/asahi/274-1,"Thu, 08 Dec 2022 19:00:00 +0000",天声人語はおじさんが書くもの？　次につなぐために語ろう #274,,杢田光,飯沼優仁,望月愛実,,,
https://omny.fm/shows/asahi/275-1,"Sun, 11 Dec 2022 19:00:00 +0000",新聞記者をやめて滋賀の過疎集落に移住、堀江昌史さんを紹介（前編）記者時代の思い出は？ #275,,伊藤あずさ,"堀江昌史,元朝日新聞記者",,,伊藤あずさ,
https://omny.fm/shows/asahi/276-1,"Mon, 12 Dec 2022 19:00:00 +0000",新聞記者をやめて滋賀の過疎地域に移住、堀江昌史さんを紹介（後編）いまはどんな暮らしを？ #276,,伊藤あずさ,"堀江昌史,元朝日新聞記者",,,伊藤あずさ,
https://omny.fm/shows/asahi/277-1,"Tue, 13 Dec 2022 19:00:00 +0000",走りたい、足の爪はがれても　徹夜のマラソン　襲われた幻覚　ランナー記者① #277,,杢田光,"小幡淳一,盛岡総局",,,杢田光,
https://omny.fm/shows/asahi/278-1,"Wed, 14 Dec 2022 19:00:00 +0000",フタを開けると「オェッ」　道端のペットボトルに気をつけて　ランナー記者② #278,,杢田光,"小幡淳一,盛岡総局",,,杢田光,
https://omny.fm/shows/asahi/279-1,"Thu, 15 Dec 2022 19:00:00 +0000",現金くれたサンタさん　ずっと一緒って言ったじゃん　夢見てたいのに #279,,杢田光,飯沼優仁,望月愛実,,,
https://omny.fm/shows/asahi/280,"Sun, 18 Dec 2022 19:00:00 +0000",（再）「入管問題」、なぜ終わらない　安田菜津紀さんと考える #280,,神田大介,"安田菜津紀,フォトジャーナリスト","松下秀雄,「論座」編集長",,,
https://omny.fm/shows/asahi/1-281,"Mon, 19 Dec 2022 19:00:00 +0000",21年ぶりに国内で復活「放ち鵜飼」（前編）鵜匠さんに聞く、京都・宇治の鵜飼い #281,,仲程雄平,"沢木万理子,鵜匠","小西良昭,宇治支局長",,仲程雄平,
https://omny.fm/shows/asahi/1-282,"Tue, 20 Dec 2022 19:00:00 +0000",21年ぶりに国内で復活「放ち鵜飼」（後編）逃亡することもあったウッティー、特訓の末に #282,,仲程雄平,"沢木万理子,鵜匠","小西良昭,宇治支局長",,仲程雄平,
https://omny.fm/shows/asahi/1-283,"Wed, 21 Dec 2022 19:00:00 +0000",ある朝、ツイッターをのぞいてみたら　地域発のニュースに込める宇治支局長の思い #283,,仲程雄平,"小西良昭,宇治支局長",,,仲程雄平,
https://omny.fm/shows/asahi/284-0,"Thu, 22 Dec 2022 19:00:00 +0000",今年の漢字は？　きんに君、ヤクルト、お世話になりました #284,,杢田光,飯沼優仁,望月愛実,,,
https://omny.fm/shows/asahi/285-1,"Sun, 25 Dec 2022 19:00:00 +0000",（再）ウィシュマさんを、死に追い詰めたのは何か　面会を重ねた支援者に聞く #285,,神田大介,"千種朋恵,START〜外国人労働者・難民と共に歩む会〜","松下秀雄,「論座」編集長",,,
https://omny.fm/shows/asahi/286-1,"Mon, 26 Dec 2022 19:00:00 +0000",先生から抱きつかれ　あれは性暴力だったのに　変わる性犯罪の刑法① #286,,杢田光,"大久保真紀,編集委員","田内康介,社会部",,杢田光,
https://omny.fm/shows/asahi/287-1,"Tue, 27 Dec 2022 19:00:00 +0000",狙われる障害　施設の職員につけこまれ　変わる性犯罪の刑法② #287,,杢田光,"大久保真紀,編集委員","田内康介,社会部",,杢田光,
https://omny.fm/shows/asahi/288-1,"Tue, 03 Jan 2023 19:00:00 +0000",（再）SDGsって、きれいごと？　元ハフポスト編集長の竹下隆一郎さんと話した（前編） #288,,神田大介,"竹下隆一郎,PIVOT チーフ・グローバルエディター",,,,
https://omny.fm/shows/asahi/289-1,"Wed, 04 Jan 2023 19:00:00 +0000",（再）SDGs、大企業がいいように使ってない？　竹下隆一郎さんと話した（中編） #289,,神田大介,"竹下隆一郎,PIVOT チーフ・グローバルエディター",,,,
https://omny.fm/shows/asahi/290-1,"Thu, 05 Jan 2023 19:00:00 +0000",（再）SDGsとは、矛盾を受け入れることかも　竹下隆一郎さんと話した（後編） #290,,神田大介,"竹下隆一郎,PIVOT チーフ・グローバルエディター",,,,
https://omny.fm/shows/asahi/291-1,"Mon, 09 Jan 2023 19:00:00 +0000",540gの子宮筋腫と戦った伊調馨さんからの言葉　アスリートの月経を考える #291,,橋本佳奈,"藤田絢子,東京本社 スポーツ部",,,,
https://omny.fm/shows/asahi/292-1,"Tue, 10 Jan 2023 19:00:00 +0000",コンクリートに沖縄が咲く　花ブロックをのぞいて戦後が見えた #292,,神田大介,"斎藤健一郎,文化部・be編集部",,,加地ゆうき,
https://omny.fm/shows/asahi/293-1,"Wed, 11 Jan 2023 19:00:00 +0000",2030年、時代はジャミング　虚無僧ファッションが流行るかも　未来年表をつくる #293,,神田大介,"安藤翔一,デジタル企画室 メディアラボチーム",,,波絵理子,
https://omny.fm/shows/asahi/294-1,"Thu, 12 Jan 2023 19:00:00 +0000",蕎麦打ちは年末年始あるある？　それぞれのお正月の過ごし方 #294,,杢田光,飯沼優仁,望月愛実,,,
https://omny.fm/shows/asahi/295,"Sun, 15 Jan 2023 19:00:00 +0000",小さな町の私設図書館が「他に類をみない」と野間出版文化賞特別賞に（前編） #295,,伊藤あずさ,"久保寺容子,館長","堀江昌史,元朝日新聞記者",,伊藤あずさ,
https://omny.fm/shows/asahi/296,"Mon, 16 Jan 2023 19:00:00 +0000",野間出版文化賞特別賞に選ばれた私設図書館　明治から昭和…タイムスリップできる魅力（後編） #296,,伊藤あずさ,"久保寺容子,館長","堀江昌史,元朝日新聞記者",,伊藤あずさ,
https://omny.fm/shows/asahi/297-1,"Tue, 17 Jan 2023 19:00:00 +0000",ボツになった「毒キノコ」に大反響　新聞に載る記事だけがニュースですか ＃297,,木下広大,"黒田早織,神戸総局",,,木下広大,
https://omny.fm/shows/asahi/298-1,"Wed, 18 Jan 2023 19:00:00 +0000",（再）まるでタイムスリップ　南極にいた私、戻ったら世界が変わっていた #298,,神田大介,"中山由美,東京社会部",,,,
https://omny.fm/shows/asahi/299-1,"Thu, 19 Jan 2023 19:00:00 +0000",「すずめの戸締まり」見て泣いた　美しいと思う場所、そこは #299,,杢田光,飯沼優仁,望月愛実,,,
https://omny.fm/shows/asahi/300-1,"Sun, 22 Jan 2023 19:00:00 +0000",GAFAが握るデータ、公共のために使う道はないのか　プラットフォーマー規制① #300,,神田大介,"安藤翔一,デジタル企画室 メディアラボチーム",,,波絵理子,
https://omny.fm/shows/asahi/301,"Mon, 23 Jan 2023 19:00:00 +0000",アルゴリズムの名の下に編集・発信　じゃあメディアの責任も負わないと　 プラットフォーマー規制② #301,,神田大介,"安藤翔一,デジタル企画室 メディアラボチーム",,,波絵理子,
https://omny.fm/shows/asahi/302-1,"Tue, 24 Jan 2023 19:00:00 +0000",大正～昭和の蔵書からみえる歴史とロマン　江北図書館の魅力紹介、番外編（前編） #302,,伊藤あずさ,"久保寺容子,館長","堀江昌史,元朝日新聞記者,https://twitter.com/noubisya",,伊藤あずさ,
https://omny.fm/shows/asahi/303-1,"Wed, 25 Jan 2023 19:00:00 +0000",しおり代わりに挟んだ昭和の誰かのハガキがそのまま…江北図書館の魅力紹介、番外編（後編）#303,,伊藤あずさ,"久保寺容子,館長","堀江昌史,元朝日新聞記者,https://twitter.com/noubisya",,伊藤あずさ,
https://omny.fm/shows/asahi/304-1,"Thu, 26 Jan 2023 19:00:00 +0000",イライラしてる人への声かけ　自分にできることは何だろう #304,,杢田光,飯沼優仁,望月愛実,,,
https://omny.fm/shows/asahi/305-0,"Sun, 29 Jan 2023 19:00:00 +0000",牛乳がピンチ、音声で伝えたい　収支も赤裸々に　農業① #305,,杢田光,"西江拓矢,ネットワーク報道本部",,,杢田光,
https://omny.fm/shows/asahi/306-1,"Mon, 30 Jan 2023 19:00:00 +0000",激務や過労に悩んでいたけど　畑に出て人生変わった　農業② #306,,杢田光,"西江拓矢,ネットワーク報道本部",,,杢田光,
https://omny.fm/shows/asahi/307-1,"Tue, 31 Jan 2023 19:00:00 +0000",金融教育、なんで大切？「お金」を切り口にしたらニュースの解像度が上がった話 #307,,神田大介,"竹下由佳,デジタル機動報道部,https://twitter.com/kuboyu318",,,杢田光,
https://omny.fm/shows/asahi/308-1,"Wed, 01 Feb 2023 19:00:00 +0000",（再）ビジネス＝人権の時代　社会の不平等、不公正を変えるのは誰だ #308,,神田大介,"福田直之,東京経済部•現コンテンツ編成本部",,,杢田光,Anzu
https://omny.fm/shows/asahi/309-2,"Thu, 02 Feb 2023 19:00:00 +0000",白浜のビッグダディ、中国へ　パンダは会いに行けるアイドルかも #309,,杢田光,飯沼優仁,望月愛実,,,
https://omny.fm/shows/asahi/310-1,"Sun, 05 Feb 2023 19:00:00 +0000",過剰な「褒め」が母を追いつめる　自然分娩の礼賛　子育て国際事情① #310,,杢田光,"日高奈緒,国際報道部","安仁周,コンテンツ編成本部",神田大介,,
https://omny.fm/shows/asahi/311-1,"Mon, 06 Feb 2023 19:00:00 +0000",赤ちゃんに優しい社会って？　人助け指数、日本はビリ　子育て国際事情② #311,,杢田光,"日高奈緒,国際報道部","安仁周,コンテンツ編成本部",神田大介,,
https://omny.fm/shows/asahi/312-1,"Tue, 07 Feb 2023 19:00:00 +0000",貧富の差、小学校で学んだ　アメリカ、韓国、イランの子育て事情③ #312,,杢田光,"日高奈緒,国際報道部","安仁周,コンテンツ編成本部",神田大介,,
https://omny.fm/shows/asahi/313-1,"Wed, 08 Feb 2023 19:00:00 +0000",絵文字は言葉の壁を越える　コミュニケーションをあきらめない #313,,神田大介,"目黒隆行,GLOBE編集部,https://twitter.com/taka_meglobe",,,安田桂子,
https://omny.fm/shows/asahi/314-1,"Thu, 09 Feb 2023 19:00:00 +0000",リスキリングしてみたい　育児に疎い自分にハッとした #314,,杢田光,飯沼優仁,望月愛実,,,
https://omny.fm/shows/asahi/315-1,"Sun, 12 Feb 2023 19:00:00 +0000",羽生結弦選手が紡いだ2つの言葉の力　新しいアイスショー「GIFT」への思い #315,,橋本佳奈,"後藤太輔,東京スポーツ部",,,橋本佳奈,
https://omny.fm/shows/asahi/316-1,"Mon, 13 Feb 2023 19:00:00 +0000",フィギュアスケーターが性的少数者と公表する理由　スポーツと多様性を考える #316,,橋本佳奈,"後藤太輔,東京スポーツ部",,,橋本佳奈,
https://omny.fm/shows/asahi/317-1,"Tue, 14 Feb 2023 19:00:00 +0000",「普通に生きる私」の声伝えたい　全盲ユーチューバー（前編）#317,,向平真,"丘文奈,大阪社会部特別嘱託",,,向平真,
https://omny.fm/shows/asahi/318-1,"Wed, 15 Feb 2023 19:00:00 +0000",障害者報道、どうすれば構えずに済む？　全盲ユーチューバー（後編）#318,,向平真,"丘文奈,大阪社会部特別嘱託",,,向平真,
https://omny.fm/shows/asahi/319-1,"Thu, 16 Feb 2023 19:00:00 +0000",スマホに届いた詐欺のワナ　お酒やコロナとどう付き合う #319,,杢田光,飯沼優仁,望月愛実,,,
https://omny.fm/shows/asahi/320-0,"Sun, 19 Feb 2023 19:00:00 +0000",ついに見つけたオンボロ物件　会社をやめ、仲間と再生　伊藤洋志さん① #320,,杢田光,中島晋也,伊藤洋志,,,
https://omny.fm/shows/asahi/321-1,"Mon, 20 Feb 2023 19:00:00 +0000",床張りを自力でやるの楽しいよ　モンゴルで強者探し　伊藤洋志さん② #321,,杢田光,中島晋也,伊藤洋志,,,
https://omny.fm/shows/asahi/322-1,"Tue, 21 Feb 2023 19:00:00 +0000",心地よい「イドコロ」はありますか　支出を削って、広がる世界　伊藤洋志さん③ #322,,杢田光,中島晋也,伊藤洋志,,,
https://omny.fm/shows/asahi/323-0,"Wed, 22 Feb 2023 19:00:00 +0000",競争社会から距離を取ろう　図書館や砂浜で充電を　伊藤洋志さん④ #323,,杢田光,中島晋也,伊藤洋志,,,
https://omny.fm/shows/asahi/324-1,"Thu, 23 Feb 2023 19:00:00 +0000",赤ちゃんの性別聞かない手もあるよ　君、ちゃん呼びを反省 #324,,杢田光,飯沼優仁,望月愛実,,,
https://omny.fm/shows/asahi/mc-1on1-325,"Sun, 26 Feb 2023 19:00:00 +0000",MCのナイスアシスト、華麗にスルー　1on1振り返り ＃325,,堀江麻友,江向彩也夏,波絵理子,,堀江麻友,
https://omny.fm/shows/asahi/326,"Mon, 27 Feb 2023 19:00:00 +0000",美術展行っていますか？　1万3000歩、トーハク開館から回ってみたら　常設展の魅力① #326,,波絵理子,"松沢奈々子,文化部",,,波絵理子,
https://omny.fm/shows/asahi/327-2,"Tue, 28 Feb 2023 19:00:00 +0000",国宝だからって感動しなくていい　鑑賞は思いのままに　常設展の魅力② #327,,波絵理子,"松沢奈々子,文化部",,,波絵理子,
https://omny.fm/shows/asahi/328-1,"Wed, 01 Mar 2023 19:00:00 +0000",企業や地域と考えるSDGs　「ミライテラス」で海外中継も #328,,杢田光,"橋田正城,マーケティング戦略本部",,,,
https://omny.fm/shows/asahi/329-0,"Thu, 02 Mar 2023 19:00:00 +0000",最近、眠れていますか　その居眠り、体のSOSかも #329,,杢田光,飯沼優仁,望月愛実,,,
https://omny.fm/shows/asahi/vivi-mimi-330,"Sun, 05 Mar 2023 19:00:00 +0000",見つかったのはViViならぬmimi？　ユーミン企画奮闘記 ＃330,,堀江麻友,江向彩也夏,波絵理子,,堀江麻友,
https://omny.fm/shows/asahi/331-1,"Mon, 06 Mar 2023 19:00:00 +0000",元兵士から受けた性暴力　軍国時代を生き延びて　戦争と性暴力① #331,,杢田光,"秋林こずえ,同志社大学教授","大野さえ子,オピニオン編集部",,杢田光,
https://omny.fm/shows/asahi/332-1,"Tue, 07 Mar 2023 19:00:00 +0000",列車が突然止まった　女性は畑の中へ　戦争と性暴力② #332,,杢田光,"秋林こずえ,同志社大学教授","大野さえ子,オピニオン編集部",,杢田光,
https://omny.fm/shows/asahi/333-1,"Wed, 08 Mar 2023 19:00:00 +0000",「戦術」としての性暴力、世界各地で　戦争と性暴力③ #333,,杢田光,"秋林こずえ,同志社大学教授","大野さえ子,オピニオン編集部",,杢田光,
https://omny.fm/shows/asahi/334,"Thu, 09 Mar 2023 19:00:00 +0000",最後の野球談義　ダルビッシュ有、大谷翔平…WBCは見どころ満載 #334,,杢田光,望月愛実,,,飯沼優仁,
https://omny.fm/shows/asahi/335-1,"Sun, 12 Mar 2023 19:00:00 +0000",懐かしくて新しいスラムダンク　何度でも蘇らせる興奮と熱狂 ＃335,,堀江麻友,江向彩也夏,波絵理子,,堀江麻友,
https://omny.fm/shows/asahi/336-1,"Mon, 13 Mar 2023 19:00:00 +0000",「安全保障を女性の問題にするな」　戦後の沖縄で見えなくなったこと #336,,安田桂子,"国吉美香,那覇総局",,,安田桂子,
https://omny.fm/shows/asahi/337-1,"Tue, 14 Mar 2023 19:00:00 +0000",電車の中で大地震が起きたらどうする？　車いす避難（前編） #337,,堀江麻友,"竹石涼子,科学みらい部,https://twitter.com/ryoko_takeishi",,,堀江麻友,
https://omny.fm/shows/asahi/338,"Wed, 15 Mar 2023 19:00:00 +0000",SOSは具体的に　津波てんでんこをアップデート　車いす避難（後編） #338,,堀江麻友,"竹石涼子,科学みらい部,https://twitter.com/ryoko_takeishi",,,堀江麻友,
https://omny.fm/shows/asahi/339-1,"Thu, 16 Mar 2023 19:00:00 +0000",子どもの結婚を急かさない親はおかしい？　リスナーさんのもやもやを考えました #339,,杢田光,望月愛実,,,飯沼優仁,
https://omny.fm/shows/asahi/340,"Sun, 19 Mar 2023 19:00:00 +0000",（ネタバレあり）断固たる決意　楽曲やグッズまで妥協しないスラムダンク #340,,堀江麻友,江向彩也夏,波絵理子,,堀江麻友,
https://omny.fm/shows/asahi/341-0,"Tue, 21 Mar 2023 19:00:00 +0000",光熱費を抑えるヒント、窓にあり　我慢しない省エネ① #341,,杢田光,"高橋真樹,ノンフィクションライター","藤田淳,マーケティング戦略本部",,杢田光,
https://omny.fm/shows/asahi/342-1,"Wed, 22 Mar 2023 19:00:00 +0000",寒い教室をなんとかしたい　高校生は動いた　我慢しない省エネ② #342,,杢田光,"高橋真樹,ノンフィクションライター","藤田淳,マーケティング戦略本部",,杢田光,
https://omny.fm/shows/asahi/343-0,"Thu, 23 Mar 2023 19:00:00 +0000",親しき仲にも苦言あり　奨学金が結婚の足かせになるなんて #343,,杢田光,望月愛実,飯沼優仁,,杢田光,
https://omny.fm/shows/asahi/344-1,"Sun, 26 Mar 2023 19:00:00 +0000",ひとりで出版社を立ち上げた　失敗も苦労も多いけれど、本作りって楽しい(前編）#344,,伊藤あずさ,"堀江昌史,元朝日新聞記者","小林えみ,編集者",,伊藤あずさ,
https://omny.fm/shows/asahi/345-1,"Mon, 27 Mar 2023 19:00:00 +0000",ひとり出版、大変だけれど誰でも始められる　魅力と苦労を語り尽くす（後編） #345,,伊藤あずさ,"堀江昌史,元朝日新聞記者","小林えみ,編集者",,伊藤あずさ,
https://omny.fm/shows/asahi/346-0,"Tue, 28 Mar 2023 19:00:00 +0000",スロープはあればいいわけじゃない　車いす生活の気づき（前編） #346,,堀江麻友,"竹石涼子,科学みらい部,https://twitter.com/ryoko_takeishi",,,堀江麻友,
https://omny.fm/shows/asahi/347-1,"Wed, 29 Mar 2023 19:00:00 +0000",「何をしてほしいですか？」の一言が大きな助けに　車いす生活の気づき（後編） #347,,堀江麻友,"竹石涼子,科学みらい部,https://twitter.com/ryoko_takeishi",,,堀江麻友,
https://omny.fm/shows/asahi/348-1,"Thu, 30 Mar 2023 19:00:00 +0000",さようなら、また会えるかな　飯沼優仁がリスナーさんの声に応えます #348,,杢田光,望月愛実,飯沼優仁,,杢田光,
https://omny.fm/shows/asahi/349-1,"Sun, 02 Apr 2023 19:00:00 +0000",津波被災からの事業再開　3つの工場を失った社長の決断 #349,,飯沼優仁,"高橋尚之,ツギノジダイ編集部",,,飯沼優仁,
https://omny.fm/shows/asahi/350,"Mon, 03 Apr 2023 19:00:00 +0000",2カ月かけて土に還る　アメリカ西海岸生まれの「還元葬」　 葬のかたち① #350,,神田大介,"荒ちひろ,GLOBE編集部",,,波絵理子,
https://omny.fm/shows/asahi/351-1,"Tue, 04 Apr 2023 19:00:00 +0000",火を使わない「水火葬」　アメリカ人が考える還り方　葬のかたち② #351,,神田大介,"荒ちひろ,GLOBE編集部",,,波絵理子,
https://omny.fm/shows/asahi/352-1,"Wed, 05 Apr 2023 19:00:00 +0000",死後は海へ、桜の木の下へ、真珠へ　日本でも増える選択肢　葬のかたち③ #352,,神田大介,"荒ちひろ,GLOBE編集部",,,波絵理子,
https://omny.fm/shows/asahi/353,"Thu, 06 Apr 2023 19:00:00 +0000",高校生の「謎ルール」に迫る　学生時代の話、つい長引きます #353,,杢田光,"影山遼,コンテンツ編成本部",,,望月愛実,
https://omny.fm/shows/asahi/354-1,"Sun, 09 Apr 2023 19:00:00 +0000",公園から漂う草花の香り　長かったマスク生活を経て気がついた #354,,堀江麻友,江向彩也夏,波絵理子,,堀江麻友,
https://omny.fm/shows/asahi/355-1,"Mon, 10 Apr 2023 19:00:00 +0000",空中いちご園、絶品グルメ、温泉で癒やされよう　道の駅を旅して① #355,,杢田光,"浅井佑一,https://twitter.com/travel_r,https://twitter.com/travel_rv","藤田淳,マーケティング戦略本部",,杢田光,
https://omny.fm/shows/asahi/356-1,"Tue, 11 Apr 2023 19:00:00 +0000",教室に泊まろう　ご当地ソフトで炭を味わう　道の駅を旅して② #356,,杢田光,"浅井佑一,https://twitter.com/travel_r,https://twitter.com/travel_rv","藤田淳,マーケティング戦略本部",,杢田光,
https://omny.fm/shows/asahi/357-1,"Wed, 12 Apr 2023 19:00:00 +0000",新サイト「with Planet」がアツい　メディアの新しいモデルってどういうこと？ #357,,杢田光,"竹下由佳,with Planet編集長,https://twitter.com/kuboyu318",,,杢田光,
https://omny.fm/shows/asahi/358-0,"Thu, 13 Apr 2023 19:00:00 +0000",きょうも咲きませんでしたねえ　楽しかった桜の開花取材 #358,,杢田光,"影山遼,コンテンツ編成本部",,,望月愛実,
https://omny.fm/shows/asahi/359-2,"Sun, 16 Apr 2023 15:00:00 +0000",「誰か助けて」と言えなかった　心の傷を伝えるには勇気がいる #359,,堀江麻友,江向彩也夏,波絵理子,,堀江麻友,
https://omny.fm/shows/asahi/360-1,"Mon, 17 Apr 2023 19:00:00 +0000",生きるのが怖い、それでも　ゲイの先達がくれた希望　隣の同性愛差別① #360,,杢田光,"加賀直樹,ライター,https://twitter.com/naoki_liberty",,,杢田光,
https://omny.fm/shows/asahi/361-1,"Tue, 18 Apr 2023 19:00:00 +0000",恋人は「彼」なのに、彼女だとウソついた　自分も加害者だった･･･　隣の同性愛差別② #361,,杢田光,"加賀直樹,ライター,https://twitter.com/naoki_liberty",,,杢田光,
https://omny.fm/shows/asahi/362-1,"Wed, 19 Apr 2023 19:00:00 +0000",同性カップルにも格差がある　「エゴイスト」が描くリアル　 　隣の同性愛差別③ #362,,杢田光,"加賀直樹,ライター,https://twitter.com/naoki_liberty",,,杢田光,
https://omny.fm/shows/asahi/363-0,"Thu, 20 Apr 2023 19:00:00 +0000",育児のこと、心のどこかでなめてたのかも　育ててるだけですごい #363,,杢田光,"影山遼,コンテンツ編成本部",,,望月愛実,
https://omny.fm/shows/asahi/364,"Sun, 23 Apr 2023 19:00:00 +0000",ほっとしたいのに気になるスマホ　他人を気にせず生きるコツ#364,,堀江麻友,江向彩也夏,波絵理子,,堀江麻友,
https://omny.fm/shows/asahi/365-0,"Mon, 24 Apr 2023 19:00:00 +0000",ロボットの「愛想笑い」に批判が殺到した理由　人類はアンドロイドに夢を見るか（前編） #365,,木下広大,"吉備彩日,科学みらい部",,,木下広大,
https://omny.fm/shows/asahi/366-0,"Tue, 25 Apr 2023 19:00:00 +0000",ロボットが変える働き方と「猫型」最強説　人類はアンドロイドに夢を見るか（後編） #366,,木下広大,"吉備彩日,科学みらい部",,,木下広大,
https://omny.fm/shows/asahi/367-1,"Wed, 26 Apr 2023 19:00:00 +0000",「あー」「うー」から言葉を取り戻す　出口治明さん、失語症との闘い #367,,杢田光,"中井なつみ,くらし報道部",,,杢田光,
https://omny.fm/shows/asahi/368-1,"Thu, 27 Apr 2023 19:00:00 +0000",30代、キャリアについて考える　終身雇用にあこがれはあるけど #368,,杢田光,"影山遼,コンテンツ編成本部",,,望月愛実,
https://omny.fm/shows/asahi/369-1,"Sun, 30 Apr 2023 19:00:00 +0000",田んぼの真ん中にできたモスク　小さな異国「イミズスタン」に潜入（前編） #369,,木下広大,"マハール有仁州,金沢総局",,,木下広大,
https://omny.fm/shows/asahi/370,"Mon, 01 May 2023 19:00:00 +0000",移民に相次いだ苦情、共生のヒントはどこに　小さな異国「イミズスタン」に潜入（後編） #370,,木下広大,"マハール有仁州,金沢総局",,,木下広大,
https://omny.fm/shows/asahi/371-1,"Sun, 07 May 2023 19:00:00 +0000",お客様は神様ですか　カスハラに悩んだバス会社の問いかけ #371,,杢田光,"小川尭洋,山形総局,https://twitter.com/ogawat0802","角詠之,社会部,https://twitter.com/Eishi_Kado",,杢田光,
https://omny.fm/shows/asahi/372-1,"Mon, 08 May 2023 19:00:00 +0000",タクシー、バス運転手への嫌がらせ　名札廃止で減らしたい #372,,杢田光,"小川尭洋,山形総局,https://twitter.com/ogawat0802","角詠之,社会部,https://twitter.com/Eishi_Kado",,杢田光,
https://omny.fm/shows/asahi/373,"Tue, 09 May 2023 19:00:00 +0000",夢にまで出てきた巨大なカニ　リアルすぎるカニカマができるまで　代替食品がつくる未来（前編） #373,,木下広大,"金子智彦,大阪経済部",,,木下広大,
https://omny.fm/shows/asahi/374-1,"Wed, 10 May 2023 19:00:00 +0000",肉や魚が食卓から消える日、本当に来るの？　代替食品がつくる未来（後編） #374,,木下広大,"金子智彦,大阪経済部",,,木下広大,
https://omny.fm/shows/asahi/375-0,"Thu, 11 May 2023 19:00:00 +0000",パーテーションじゃなくパーティション？　必要なくても変身し活用中 #375,,杢田光,影山遼,望月愛実,,,
https://omny.fm/shows/asahi/376-1,"Sun, 14 May 2023 19:00:00 +0000",なんで酒に強いオレが依存症に...　「いい人」演じたその裏で　アルコール依存症① #376,,杢田光,"浅野真,さいたま総局",,,杢田光,
https://omny.fm/shows/asahi/377-0,"Mon, 15 May 2023 19:00:00 +0000",隠れて飲酒、家族は知っていた　大事なのは「尻ぬぐいをしないこと」　アルコール依存症② #377,,杢田光,"浅野真,さいたま総局",,,杢田光,
https://omny.fm/shows/asahi/378-1,"Tue, 16 May 2023 19:00:00 +0000",「アイメッセージ」で断酒のすすめ　家族も悩んでます　アルコール依存症③ #378,,杢田光,"浅野真,さいたま総局",,,杢田光,
https://omny.fm/shows/asahi/379-1,"Wed, 17 May 2023 19:00:00 +0000",お酒やめた方がいい？　心あたりのあるあなたへ　アルコール依存症④ #379,,杢田光,"浅野真,さいたま総局",,,杢田光,
https://omny.fm/shows/asahi/380-1,"Thu, 18 May 2023 19:00:00 +0000",こんなお土産はいやだ　ウキウキで買ったのに、受け取ってもらえない #380,,杢田光,影山遼,望月愛実,,,
https://omny.fm/shows/asahi/381,"Sun, 21 May 2023 19:00:00 +0000",ついのすみかになるマンション　建物も住民も「老い」と向き合う(前編)  #381,,神田大介,"清川卓史,編集委員",,,堀江麻友,
https://omny.fm/shows/asahi/382-1,"Mon, 22 May 2023 19:00:00 +0000",マンション住民の新常識　「もの忘れ」だけじゃない認知症、SOSに気づくには（後編） #382,,神田大介,"清川卓史,編集委員",,,堀江麻友,
https://omny.fm/shows/asahi/383-1,"Tue, 23 May 2023 19:00:00 +0000",ワンピースを「趣味」と言われる痛み　悲しみは笑いでごまかして（前編） #383,,杢田光,"平岡春人,文化部",,,杢田光,
https://omny.fm/shows/asahi/384-1,"Wed, 24 May 2023 19:00:00 +0000",性別の揺らぎ、そのままに　安心できる居場所、きっとどこかにあるから（後編） #384,,杢田光,"平岡春人,文化部",,,杢田光,
https://omny.fm/shows/asahi/385-1,"Thu, 25 May 2023 19:00:00 +0000",二度寝するほど心地よい？聞き取りにくい？　声も個性なのでは #385,,杢田光,"影山遼,コンテンツ編成本部",,,望月愛実,
https://omny.fm/shows/asahi/386,"Sun, 28 May 2023 19:00:00 +0000",空白のスケジュール帳、焦るあなたは要注意　定年クライシス前編 #386,,岸上渉,"島脇健史,大阪ネットワーク報道本部",,,岸上渉,
https://omny.fm/shows/asahi/387-2,"Mon, 29 May 2023 19:00:00 +0000",「家に居ないで」と妻に言われないために　定年クライシス後編 #387,,岸上渉,"島脇健史,大阪ネットワーク報道本部",,,岸上渉,
https://omny.fm/shows/asahi/388,"Tue, 30 May 2023 19:00:00 +0000",オフロードを走り抜け、たどり着いた世界遺産　オーストラリア先住民に学ぶ知恵（前編） #388,,木下広大,"鈴木智之,大阪科学みらい部",,,木下広大,
https://omny.fm/shows/asahi/6-389,"Wed, 31 May 2023 19:00:00 +0000",日本の国土の6割相当が焼失　山火事の脅威、対処法はまさかの火　オーストラリア先住民に学ぶ知恵（後編） #389,,木下広大,"鈴木智之,大阪科学みらい部",,,木下広大,
https://omny.fm/shows/asahi/390-1,"Thu, 01 Jun 2023 19:00:00 +0000",ジャニーズ性被害問題　 記者として、推してきて、保護者として思うこと #390,,杢田光,"影山遼,コンテンツ編成本部",,,望月愛実,
https://omny.fm/shows/asahi/391-1,"Sun, 04 Jun 2023 19:00:00 +0000",吃音芸人「僕のしゃべり方は個性」　炎上騒動と、話すということ #391,,安田桂子,"インタレスティングたけし,お笑い芸人","沢伸也,編集委員",,安田桂子,
https://omny.fm/shows/asahi/392-1,"Mon, 05 Jun 2023 19:00:00 +0000",日本一外国人の多い川口市　昔ながらの青果店に共生のヒントを学ぼう（前編） #392,,神田大介,"鈴木暁子,国際報道部",,,杢田光,
https://omny.fm/shows/asahi/393-1,"Tue, 06 Jun 2023 19:00:00 +0000",盆踊りを歌いながら、難民について語り合った　垣根を越える子どものパワー（後編） #393,,神田大介,"鈴木暁子,国際報道部",,,杢田光,
https://omny.fm/shows/asahi/394-0,"Wed, 07 Jun 2023 19:00:00 +0000",（再）「運転は男性」「女性は苦手」の偏見、笑い事じゃない　死傷リスクに直結していた #394,,神田大介,"藤えりか,東京経済部、現デジタル機動報道部,https://twitter.com/erika_asahi",,,,
https://omny.fm/shows/asahi/395-2,"Thu, 08 Jun 2023 19:00:00 +0000",差別発言、どう対処する？制止はできる？　主催者が絶対やるべきこと #395,,杢田光,"影山遼,コンテンツ編成本部",,,望月愛実,
https://omny.fm/shows/asahi/396-1,"Sun, 11 Jun 2023 19:00:00 +0000",妊娠に誰も気づけなかった　障害者と性について裁判で考えた　供述弱者（前編） #396,,杢田光,"上保晃平,北海道報道センター",,,杢田光,
https://omny.fm/shows/asahi/397-1,"Mon, 12 Jun 2023 19:00:00 +0000",性の知識、障害者にも学ぶチャンスを　報道も模索しています　供述弱者（後編） #397,,杢田光,"上保晃平,北海道報道センター",,,杢田光,
https://omny.fm/shows/asahi/398-1,"Tue, 13 Jun 2023 19:00:00 +0000",日本を二分？「町」の読みはマチかチョウか　地域により違うあれこれ #398,,影山遼,"小川尭洋,山形総局,https://twitter.com/ogawat0802",,,杢田光,
https://omny.fm/shows/asahi/399-1,"Wed, 14 Jun 2023 19:00:00 +0000",（再）「満員電車に乗るため、就職先を決めた」　痴漢はあなたの隣にいる #399,,神田大介,"土屋香乃子,元横浜総局",,,,
https://omny.fm/shows/asahi/400-1,"Thu, 15 Jun 2023 19:00:00 +0000",1杯2千円は高いのか　ラーメンは次のステージに、止まらない思い出 #400,,杢田光,"影山遼,コンテンツ編成本部",,,望月愛実,
https://omny.fm/shows/asahi/401-1,"Sun, 18 Jun 2023 19:00:00 +0000",海底で目にした楽園、なんとかしなきゃ　スーパーマンはいないから　海の温暖化（前編） #401,,杢田光,"石井徹,編集委員",,,杢田光,
https://omny.fm/shows/asahi/402-1,"Mon, 19 Jun 2023 19:00:00 +0000",カニの子どもが溶けてしまう　海洋酸性化ってなに　食生活と海の温暖化（後編） #402,,杢田光,"石井徹,編集委員",,,杢田光,
https://omny.fm/shows/asahi/403-1,"Tue, 20 Jun 2023 19:00:00 +0000",地方移住の魅力と本音　元朝日新聞記者の先輩後輩が語る（前編） #403,,伊藤あずさ,"堀江昌史,元朝日新聞記者","船崎桜,元朝日新聞記者",,伊藤あずさ,
https://omny.fm/shows/asahi/404-1,"Wed, 21 Jun 2023 19:00:00 +0000",朝日新聞記者→地域おこし協力隊　女性たちの移住　新しい視点で発信（後編）#404,,伊藤あずさ,"船崎桜,元朝日新聞記者","堀江昌史,元朝日新聞記者",,伊藤あずさ,
https://omny.fm/shows/asahi/405-1,"Thu, 22 Jun 2023 19:00:00 +0000",出社と在宅の勤務、重要なのは選べるか　強制されると起きちゃう反発 #405,,杢田光,"影山遼,コンテンツ編成本部",,,望月愛実,
https://omny.fm/shows/asahi/406,"Sun, 25 Jun 2023 19:00:00 +0000",観音さまに魅せられて滋賀に移住　井上靖さんの「星と祭」復刊にも想い① #406,,伊藤あずさ,對馬佳菜子,"堀江昌史,元朝日新聞記者",,伊藤あずさ,
https://omny.fm/shows/asahi/407,"Mon, 26 Jun 2023 19:00:00 +0000",井上靖さんの小説「星と祭」の舞台にもなった滋賀・長浜　「観音の里」に移住し、独自のガイドブック出版② #407,,伊藤あずさ,對馬佳菜子,"堀江昌史,元朝日新聞記者、ひとり出版社「能美舎」",,伊藤あずさ,
https://omny.fm/shows/asahi/408,"Tue, 27 Jun 2023 19:00:00 +0000",「遺体に会えない愛する人の死」と観音信仰、殯の過ごし方 　長浜に移住した2人が語る③ #408,,伊藤あずさ,對馬佳菜子,"堀江昌史,元朝日新聞記者、ひとり出版社「能美舎」",,伊藤あずさ,
https://omny.fm/shows/asahi/409-1,"Wed, 28 Jun 2023 19:00:00 +0000",（再）たまごかけごはん　岡山県美咲町が「聖地」と呼ばれるわけ #409,,神田大介,"斎藤健一郎,文化部be編集部",,,,
https://omny.fm/shows/asahi/410-1,"Thu, 29 Jun 2023 19:00:00 +0000",なんでもかんでもデジタル　マイナンバー、気にする人に気にしない人 #410,,杢田光,"影山遼,コンテンツ編成本部",,,望月愛実,
https://omny.fm/shows/asahi/411-1,"Sun, 02 Jul 2023 19:00:00 +0000",香りに襲われ体調不良に…　その時、仲間は動いた　化学物質過敏症 #411,,杢田光,"伊藤恵里奈,盛岡総局",,,杢田光,
https://omny.fm/shows/asahi/412-1,"Mon, 03 Jul 2023 19:00:00 +0000",巨大メガソーラー、離島でぼろ儲けの計画　浮かぶいくつもの疑問（前編） #412,,神田大介,"安田朋起,西部報道センター",,,杢田光,
https://omny.fm/shows/asahi/413-1,"Tue, 04 Jul 2023 19:00:00 +0000",宇久島のメガソーラー　制度のひずみ、数々の事件　経緯をひもとくと（後編） #413,,神田大介,"安田朋起,西部報道センター",,,杢田光,
https://omny.fm/shows/asahi/414-1,"Wed, 05 Jul 2023 19:00:00 +0000",（再）出稼ぎベトナム人が、犠牲になるシステム　誰が得をしているのか #414,,神田大介,"宋光祐,ハノイ支局、現パリ支局",,,,
https://omny.fm/shows/asahi/415-1,"Thu, 06 Jul 2023 19:00:00 +0000",ええ、もういなくなるの？また来ます　暗めの影山遼が明るく語る転職 #415,,杢田光,"影山遼,コンテンツ編成本部","望月愛実,コンテンツ編成本部",,杢田光,
https://omny.fm/shows/asahi/416-1,"Sun, 09 Jul 2023 19:00:00 +0000",安全なはずのプールで幼い命がなぜ…悲劇は「問題ない態勢」でも起きた #416,,岸上渉,"山根久美子,大阪ネットワーク報道本部",,,岸上渉,
https://omny.fm/shows/asahi/417-1,"Mon, 10 Jul 2023 19:00:00 +0000",プールの子どもたち、AIが見守る？　技術発達しても結局必要なのは #417,,岸上渉,"山根久美子,大阪ネットワーク報道本部",,,岸上渉,
https://omny.fm/shows/asahi/418-1,"Tue, 11 Jul 2023 19:00:00 +0000",「人に言っちゃいけないよ」　封印されたツチノコ伝説、記録映画に #418,,杢田光,"今井友樹,映画監督","小泉信一,編集委員",,,
https://omny.fm/shows/asahi/419-1,"Wed, 12 Jul 2023 19:00:00 +0000",逃げろツチノコ、賞金131万円　夢とロマンを捨てちゃいかん #419,,杢田光,"今井友樹,映画監督","小泉信一,編集委員",,,
https://omny.fm/shows/asahi/420-1,"Thu, 13 Jul 2023 19:00:00 +0000",「お連れ合い」は粋だけど…伝わらない？　相手の配偶者、何て呼べば #420,,杢田光,影山遼,望月愛実,,杢田光,
https://omny.fm/shows/asahi/421-1,"Mon, 17 Jul 2023 19:00:00 +0000",介護とカミングアウト　デンマークで考えた　多様な性、見えていますか（前編） #421,,杢田光,"中川竜児,GLOBE編集部",,,杢田光,
https://omny.fm/shows/asahi/422-1,"Tue, 18 Jul 2023 19:00:00 +0000",トイレに困らない私の特権って？　共用トイレが当たり前の国で見た工夫（後編） #422,,杢田光,"中川竜児,GLOBE編集部",,,杢田光,
https://omny.fm/shows/asahi/423-1,"Wed, 19 Jul 2023 19:00:00 +0000",宿題に追われて眠れない　変化した質と量　できない家庭の事情に目を向けて #423,,杢田光,"田渕紫織,社会部","山本知佳,社会部",,,
https://omny.fm/shows/asahi/424-1,"Thu, 20 Jul 2023 19:00:00 +0000",「おちゃちゃ」を飲んで熱中症を防ごう　今年も暑い…それぞれの対策 #424,,杢田光,影山遼,,,望月愛実,
https://omny.fm/shows/asahi/425-1,"Mon, 24 Jul 2023 14:00:00 +0000",なぜ私はモスクに行くのか　着物姿で誓った自分なりの信仰　日本人イスラム教徒（前編） #425,,向平真,"大滝哲彰,大阪社会部員",,,向平真,
https://omny.fm/shows/asahi/426-1,"Mon, 24 Jul 2023 19:00:00 +0000",自分なりでいい信仰の形　寛容と助け合いが育む独自の世界　日本人イスラム教徒（後編） #426,,向平真,"大滝哲彰,大阪社会部員",,,向平真,
https://omny.fm/shows/asahi/427,"Tue, 25 Jul 2023 19:00:00 +0000",縄文時代から日本に犬はいた　キツネ顔で筋肉質？　現代に息づく系統 #427,,堀江麻友,"太田匡彦,文化部,https://twitter.com/qEaLO0nvwWqCKMx",,,堀江麻友,
https://omny.fm/shows/asahi/428-1,"Wed, 26 Jul 2023 19:00:00 +0000",（再）「コーヒーかす」集める京都の夫婦　月1トン、自転車こいで農家のもとへ #428,,神田大介,"原田達矢,京都総局、現・ネットワーク報道本部",,,,
https://omny.fm/shows/asahi/429-1,"Thu, 27 Jul 2023 19:00:00 +0000",マイル修行も推し活も…全て趣味でOK！　またすぐ呼んでね朝ポキに #429,,杢田光,影山遼,,,望月愛実,
https://omny.fm/shows/asahi/430-1,"Sun, 30 Jul 2023 19:00:00 +0000",北極海へ行ってきました　流氷に感動　「おしょろ丸」に乗って（前編） #430,,江向彩也夏,中山由美,三橋麻子,"森本啓介
野際稜太
林春然",杢田光,
https://omny.fm/shows/asahi/431-1,"Mon, 31 Jul 2023 19:00:00 +0000",北極と南極を行き来する鳥に出会った　「おしょろ丸」に乗って（後編） #431,,江向彩也夏,中山由美,三橋麻子,"浅尾宗洋
前崎杏
野際稜太",杢田光,
https://omny.fm/shows/asahi/432-1,"Tue, 01 Aug 2023 19:00:00 +0000",核兵器って環境に悪いですよね　核廃絶の道、SDGsで考えてみた（前編）  #432,,岸上渉,"副島英樹,編集委員",,,,
https://omny.fm/shows/asahi/433-0,"Wed, 02 Aug 2023 19:00:00 +0000",核廃絶はSDGsだ！持続可能な地球のため、若者に刺さるアプローチ（後編） #433,,岸上渉,"副島英樹,編集委員",,,,
https://omny.fm/shows/asahi/4-30-434,"Thu, 03 Aug 2023 19:00:00 +0000",盲牌するほどハマったあの頃　4代目新メンバーは麻雀好きの30歳 #434,,杢田光,飯島啓史,望月愛実,,堀江麻友,
https://omny.fm/shows/asahi/435-1,"Sun, 06 Aug 2023 19:00:00 +0000",その卵、ぎゅう詰めのニワトリが産んでいるかも　アニマルウェルフェア、知っていますか　食卓にのぼる動物① #435,,杢田光,"大牟田透,GLOBE編集部",,,杢田光,
https://omny.fm/shows/asahi/436-1,"Mon, 07 Aug 2023 19:00:00 +0000",ベターチキンへの切り替え、KFCも乗り出した　食卓にのぼる動物② #436,,杢田光,"大牟田透,GLOBE編集部",,,杢田光,
https://omny.fm/shows/asahi/437-1,"Tue, 08 Aug 2023 19:00:00 +0000",アニマルウェルフェア、偽善じゃないですか？　養豚農家に教わった哲学　食卓にのぼる動物③ #437,,杢田光,"大牟田透,GLOBE編集部",,,杢田光,
https://omny.fm/shows/asahi/438-1,"Wed, 09 Aug 2023 19:00:00 +0000",（再）MINAMATAに出る　ジョニー・デップは迷わなかった　この悪夢は昔話じゃない #438,,安田桂子,奥正光,,,,
https://omny.fm/shows/asahi/439-0,"Thu, 10 Aug 2023 19:00:00 +0000",4年ぶりに夏の風物詩が復活　楽しみたいけど、人混みは苦手 #439,,杢田光,飯島啓史,,,望月愛実,
https://omny.fm/shows/asahi/440-1,"Sun, 13 Aug 2023 19:00:00 +0000",特攻兵器を作らされていたなんて　戦後に知った私　声・語りつぐ戦争① #440,,杢田光,緒方久和子,"村上民,自由学園資料室 主任研究員","大野さえ子,オピニオン編集部 声",杢田光,
https://omny.fm/shows/asahi/441-1,"Mon, 14 Aug 2023 19:00:00 +0000",歩いてたどる学徒動員　学校に軍需工場がやってきた　声・語りつぐ戦争② #441,,杢田光,"村上民,自由学園資料室 主任研究員","大野さえ子,オピニオン編集部 声",,杢田光,
https://omny.fm/shows/asahi/442-1,"Tue, 15 Aug 2023 19:00:00 +0000",軍需工場の仕事にやりがいも　ノートに残る生々しい証言　声・語りつぐ戦争③ #442,,杢田光,"村上民,自由学園資料室 主任研究員","大野さえ子,オピニオン編集部 声",,杢田光,
https://omny.fm/shows/asahi/443-1,"Wed, 16 Aug 2023 19:00:00 +0000",空襲で命を落とした先輩へ　花がつないだ縁、マンガで伝える　声・語りつぐ戦争④ #443,,杢田光,"村上民,自由学園資料室 主任研究員","大野さえ子,オピニオン編集部 声",,杢田光,
https://omny.fm/shows/asahi/444-0,"Thu, 17 Aug 2023 19:00:00 +0000",朝早いのは苦手だけど･･･混雑と暑さをしのぐため「ずらし旅」いいかも #444,,杢田光,飯島啓史,,,望月愛実,
https://omny.fm/shows/asahi/445-0,"Sun, 20 Aug 2023 19:00:00 +0000",違法薬物ビジネス、広がるミャンマー　越境する脅威の実態（with Planet）前編 #445,,杢田光,"舟越美夏,ジャーナリスト","竹下由佳,with Planet編集長",,杢田光,
https://omny.fm/shows/asahi/446-1,"Mon, 21 Aug 2023 19:00:00 +0000",薬物依存からの回復支援　「やめろ」ではなく、信頼関係から始めよう（with Planet）後編 #446,,杢田光,"舟越美夏,ジャーナリスト","竹下由佳,with Planet編集長",,杢田光,
https://omny.fm/shows/asahi/447-1,"Tue, 22 Aug 2023 19:00:00 +0000",ネズミ捕りのエキスパート　農耕文化とともに広がった猫たち #447,,堀江麻友,"太田匡彦,文化部,https://twitter.com/qEaLO0nvwWqCKMx",,,堀江麻友,
https://omny.fm/shows/asahi/448-1,"Wed, 23 Aug 2023 19:00:00 +0000",（再）アメリカで「素数ゼミ」を食べてみた　で、素数ゼミってなんですか？ #448,,神田大介,"合田禄,ワシントン支局",,,,
https://omny.fm/shows/asahi/449-0,"Thu, 24 Aug 2023 19:00:00 +0000",地球沸騰の時代　エアコンはぜいたくじゃない、価値観を変えないと #449,,杢田光,飯島啓史,,,望月愛実,
https://omny.fm/shows/asahi/450-1,"Sun, 27 Aug 2023 19:00:00 +0000",卵の値上げ、そのからくり話します　小さな養鶏で逆転する世界（前編） #450,,神田大介,"長沢美津子,編集委員",,,杢田光,
https://omny.fm/shows/asahi/451-1,"Mon, 28 Aug 2023 19:00:00 +0000",魚のはねる田んぼ、琵琶湖の恵　「無理なくいきましょう」（後編） #451,,神田大介,"長沢美津子,編集委員",,,杢田光,
https://omny.fm/shows/asahi/452-1,"Tue, 29 Aug 2023 19:00:00 +0000",姓と名の順番、なんでもありな国　夫婦別姓OK　もっと名前の選択肢を #452,,神田大介,"西村宏治,シンガポール支局長",,,杢田光,
https://omny.fm/shows/asahi/453-1,"Wed, 30 Aug 2023 19:00:00 +0000",（再）障害児に生きる喜びを　ケニアを支える公文和子さん、次は私たちが支えよう #453,,神田大介,"公文和子,シロアムの園,https://www.thegardenofsiloam.org/",,,,
https://omny.fm/shows/asahi/454-0,"Thu, 31 Aug 2023 19:00:00 +0000",最近泣いてますか？　涙の理由は自分が失ったまぶしさ、ピュアさ、なのか #454,,杢田光,飯島啓史,,,望月愛実,
https://omny.fm/shows/asahi/455-1,"Sun, 03 Sep 2023 19:00:00 +0000",世界の弁当箱をみてみたら　フランスやタイで驚きの進化（前編） #455,,神田大介,"長沢美津子,編集委員","丹内敦子,GLOBE編集部",,杢田光,
https://omny.fm/shows/asahi/456-1,"Mon, 04 Sep 2023 19:00:00 +0000",手づくり弁当愛情論の落とし穴　祭り、戦、花見のそばに（後編）  #456,,神田大介,"長沢美津子,編集委員","丹内敦子,GLOBE編集部",,杢田光,
https://omny.fm/shows/asahi/457-1,"Tue, 05 Sep 2023 19:00:00 +0000",新刊書店ゼロ自治体、全国の4分の1　変わる読者のニーズにどう応える？（前編） #457,,杢田光,"宮田裕介,デジタル企画報道部 兼 政治部",,,杢田光,
https://omny.fm/shows/asahi/458-1,"Wed, 06 Sep 2023 19:00:00 +0000",消えゆく本屋、ノスタルジーに浸る前に　ローソンは地方に熱視線（後編） #458,,杢田光,"宮田裕介,デジタル企画報道部 兼 政治部",,,杢田光,
https://omny.fm/shows/asahi/459,"Thu, 07 Sep 2023 19:00:00 +0000",球児の髪形、選択肢があるのはいい　紙面編集しながらも感じた変化 #459,,杢田光,飯島啓史,,,望月愛実,
https://omny.fm/shows/asahi/460-1,"Sun, 10 Sep 2023 19:00:00 +0000",侵略受けた歴史から備えるフィンランド　人口の大半をカバー（方舟をたどって①） #460,,神田大介,"荒ちひろ,GLOBE編集部",,,堀江麻友,
https://omny.fm/shows/asahi/461,"Mon, 11 Sep 2023 19:00:00 +0000",ポーランドの核シェルター　防護服やガスマスクなど冷戦時代の備品も（方舟をたどって②） #461,,神田大介,"荒ちひろ,GLOBE編集部",,,堀江麻友,
https://omny.fm/shows/asahi/462-1,"Tue, 12 Sep 2023 19:00:00 +0000",結局、核シェルターに入って意味はあるのか？　存在意義を考える（方舟をたどって③） ＃462,,神田大介,"荒ちひろ,GLOBE編集部",,,堀江麻友,
https://omny.fm/shows/asahi/463-1,"Wed, 13 Sep 2023 19:00:00 +0000",（再）パンソリ、それは韓国の伝統芸能　私にしかできない物語を紡ぐ #463,,神田大介,"桜井泉,オピニオン編集部","安聖民,ゲスト",,,tainuke　音源編集は記載がありませんでした。
https://omny.fm/shows/asahi/464,"Thu, 14 Sep 2023 19:00:00 +0000",お墓、どうするか考えたことある？　散骨や樹木葬、改葬も気になる #464,,杢田光,飯島啓史,望月愛実,,望月愛実,
https://omny.fm/shows/asahi/465-1,"Mon, 18 Sep 2023 19:00:00 +0000",AIでマンガを訳すサービスができました　世界のアニメ好きも活躍するベンチャー #465,,杢田光,"藤崎麻里,GLOBE編集部",,,杢田光,
https://omny.fm/shows/asahi/466,"Tue, 19 Sep 2023 19:00:00 +0000",AI翻訳、外国語教育に実はお役立ち？　使い始めた学校も（後編） #466,,杢田光,"藤崎麻里,GLOBE編集部",,,,
https://omny.fm/shows/asahi/467-1,"Wed, 20 Sep 2023 19:00:00 +0000",（再）歩きスマホが行列を乱す　当然のようで、実は奥深い研究なんです #467,,神田大介,"野中良祐,科学みらい部",,,,
https://omny.fm/shows/asahi/468-0,"Thu, 21 Sep 2023 19:00:00 +0000",子どもの声は「騒音」？　相手を想像することで聞こえ方が変わるかも #468,,杢田光,望月愛実,飯島啓史,,望月愛実,
https://omny.fm/shows/asahi/469-1,"Sun, 24 Sep 2023 19:00:00 +0000",寂しいけれど…仲良し双子パンダはいつか離ればなれ　ピーチスカッシュ #469,,菅澤百恵,"本間ほのみ,ネットワーク報道本部首都圏ニュースセンター",,,菅澤百恵,ネジート
https://omny.fm/shows/asahi/470-1,"Mon, 25 Sep 2023 19:00:00 +0000",理想のパートナーを見つけるのはパンダも大変みたい　ピーチスカッシュ #470,,菅澤百恵,"本間ほのみ,ネットワーク報道本部首都圏ニュースセンター",,,菅澤百恵,ネジート
https://omny.fm/shows/asahi/471-1,"Tue, 26 Sep 2023 19:00:00 +0000",（再）まるで絶対君主、教授のハラスメント　リケジョがなくなる日（前編） #471,,神田大介,"藤波優,科学みらい部、元科学医療部","小川詩織,デジタル企画報道部、元科学医療部",,,ネジート
https://omny.fm/shows/asahi/472-1,"Wed, 27 Sep 2023 19:00:00 +0000",（再）女性研究者の生きづらさ、どうしたらいいのか　リケジョがなくなる日（後編） #472,,神田大介,"藤波優,科学みらい部、元科学医療部","小川詩織,デジタル企画報道部、元科学医療部",,,ネジート
https://omny.fm/shows/asahi/473-1,"Thu, 28 Sep 2023 19:00:00 +0000",SNS、どう向き合ってる？　ずっと見ていたこともあったけど #473,,杢田光,望月愛実,飯島啓史,,望月愛実,ネジート
https://omny.fm/shows/asahi/474-1,"Sun, 01 Oct 2023 19:00:00 +0000",「えーっ」入院で1泊3万3千円？　差額ベッドのなぞ（前編） #474,,神田大介,"浜田陽太郎,くらし報道部",,,杢田光,
https://omny.fm/shows/asahi/475-1,"Mon, 02 Oct 2023 19:00:00 +0000",会社を休み、病院経営のしんどさを知りました　差額ベッドのなぞ（後編） #475,,神田大介,"浜田陽太郎,くらし報道部",,,杢田光,あさひあいち
https://omny.fm/shows/asahi/476-1,"Tue, 03 Oct 2023 19:00:00 +0000",暴力団を抜けても生活できますか　ソフトボールチームの問いかけ（前編） #476,,杢田光,"福冨旅史,社会部",神田大介,,杢田光,
https://omny.fm/shows/asahi/477-1,"Wed, 04 Oct 2023 19:00:00 +0000",「助けてほしい」暴力団傘下の店長から相談がありまして（後編） #477,,杢田光,"福冨旅史,社会部",神田大介,,杢田光,
https://omny.fm/shows/asahi/478-1,"Thu, 05 Oct 2023 19:00:00 +0000",ハイになったMC、生きた塾講師経験、わくわく接客　それぞれのイベント反省 #478,,杢田光,飯島啓史,,,望月愛実,
https://omny.fm/shows/asahi/479-1,"Mon, 09 Oct 2023 19:00:00 +0000",（再）臓器移植、「98％の絶望」　意思表示はハードルが高い？① #479,,"水野梓,withnews 編集長","青山竜馬,トリオ・ジャパン会長",,,仲程雄平,あさひあいち
https://omny.fm/shows/asahi/480-1,"Tue, 10 Oct 2023 19:00:00 +0000",（再）フライト中に緊急手術を迫られた　もう一つの家族を思う② #480,,"水野梓,withnews 編集長","青山竜馬,トリオ・ジャパン会長",,,仲程雄平,あさひあいち
https://omny.fm/shows/asahi/481-1,"Wed, 11 Oct 2023 19:00:00 +0000",（再）娘には誕生日が2つある　臓器提供のこと話そうよ③ #481,,"水野梓,withnews 編集長","青山竜馬,トリオ・ジャパン会長",,,仲程雄平,あさひあいち
https://omny.fm/shows/asahi/482-1,"Thu, 12 Oct 2023 19:00:00 +0000",「日本は嫌いだけど」感じた希望　冷静に対話を試みる大切さ #482,,杢田光,飯島啓史,望月愛実,,望月愛実,あさひあいち (「望月愛実」が「望月愛美」になってます。 修正済みです)
https://omny.fm/shows/asahi/483-1,"Sun, 15 Oct 2023 19:00:00 +0000",学校になじめなくても、モーツァルトに救われた　バイオリニスト松田理奈さん（前編） #483,,杢田光,"松田理奈,バイオリニスト",,,杢田光,かにこ
https://omny.fm/shows/asahi/484-1,"Mon, 16 Oct 2023 19:00:00 +0000",ストラディバリウスと餃子を愛す　バッハが楽譜に隠した暗号は　バイオリニスト松田理奈さん（後編） #484,,杢田光,"松田理奈,バイオリニスト",,,杢田光,かにこ
https://omny.fm/shows/asahi/485-0,"Tue, 17 Oct 2023 19:00:00 +0000",北海道のシシャモが減っています　実は貴重な魚なんです #485,,杢田光,"山本智之,根室支局",,,杢田光,かにこ
https://omny.fm/shows/asahi/486,"Wed, 18 Oct 2023 19:00:00 +0000",（再）水産異変①　鮭が捕れない　東北で増える南の魚  #486,,神田大介,"東野真和,釜石支局長",,,,かにこ
https://omny.fm/shows/asahi/487-1,"Thu, 19 Oct 2023 19:00:00 +0000",人の素顔ってなんだろう　加工やメイク、見た目について考える #487,,杢田光,飯島啓史,望月愛実,,望月愛実,koike
https://omny.fm/shows/asahi/488-1,"Sun, 22 Oct 2023 19:00:00 +0000",（再）水産異変②　忍び寄る 魚が消える日 　食卓を支えてきた漁村のいま #488,,神田大介,"横山蔵利,元八戸支局長",,,,かにこ
https://omny.fm/shows/asahi/489,"Mon, 23 Oct 2023 19:00:00 +0000",（再）水産異変③　秋田県民が愛すハタハタ、大衆魚とはもう言えない？ #489,,,,,,,